order,B_time,BPlus_time,BStar_time
3,598,614,537
4,436,468,424
5,491,552,462
6,497,467,516
7,464,464,428
8,398,397,358
9,382,382,337
10,323,323,305
11,320,310,336
12,310,312,345
13,314,344,406
14,340,288,292
15,301,281,288
16,310,299,293
17,327,292,280
18,298,279,293
19,305,274,268
20,301,278,278
21,290,329,278
22,347,331,266
23,298,269,271
24,301,272,254
25,288,245,253
26,284,263,254
27,270,270,267
28,277,254,264
29,285,261,239
30,271,291,263
31,266,236,245
32,331,260,237
33,271,247,268
34,268,239,263
35,256,241,254
36,253,221,241
37,257,243,242
38,262,228,247
39,257,221,244
40,282,226,241
41,247,230,223
42,284,221,230
43,251,225,221
44,265,232,219
45,248,236,241
46,257,214,207
47,245,222,243
48,243,225,239
49,246,212,223
50,237,222,216
51,245,209,223
52,244,226,221
53,248,217,227
54,239,208,210
55,257,224,238
56,239,265,242
57,247,216,222
58,238,211,236
59,247,232,235
60,239,217,229
61,271,254,247
62,247,218,217
63,239,211,216
64,228,200,194
65,222,192,216
66,222,200,206
67,234,192,223
68,222,200,223
69,234,205,211
70,215,201,204
71,215,184,191
72,239,194,205
73,233,209,209
74,231,195,199
75,223,191,221
76,238,204,200
77,226,186,202
78,230,188,204
79,228,213,198
80,257,249,238
81,254,237,231
82,230,187,219
83,228,211,225
84,222,188,195
85,262,217,223
86,243,227,263
87,230,208,225
88,228,206,195
89,231,200,198
90,220,185,216
91,244,192,203
92,226,262,233
93,235,199,202
94,226,192,190
95,221,182,195
96,233,187,214
97,226,194,189
98,217,189,194
99,215,194,215
100,221,191,196
101,207,182,191
102,232,178,204
103,248,191,196
104,221,186,206
105,227,198,215
106,225,203,211
107,228,213,183
108,219,183,209
109,245,190,200
110,219,190,196
111,230,184,190
112,246,209,194
113,225,201,199
114,214,184,195
115,219,212,201
116,225,195,189
117,221,188,201
118,225,212,204
119,221,195,192
120,223,187,200
121,236,187,223
122,236,197,198
123,214,175,196
124,217,183,190
125,223,194,199
126,225,186,190
127,227,203,194
128,227,188,181
129,233,180,205
130,224,196,198
131,209,180,185
132,244,241,199
133,215,176,180
134,230,177,194
135,232,187,195
136,222,178,181
137,244,202,190
138,220,193,199
139,223,188,187
140,214,191,183
141,221,195,194
142,221,180,194
143,224,189,198
144,216,186,196
145,216,180,185
146,253,196,204
147,225,185,196
148,207,188,197
149,228,186,183
150,229,190,197
151,227,187,191
152,214,203,203
153,226,195,200
154,221,184,191
155,219,190,196
156,222,184,203
157,227,197,200
158,233,187,187
159,242,211,194
160,225,181,184
161,221,192,191
162,232,231,255
163,242,193,196
164,212,173,197
165,216,178,195
166,218,190,201
167,243,189,198
168,219,218,200
169,214,176,191
170,218,181,188
171,220,186,199
172,230,200,236
173,219,208,190
174,218,189,190
175,223,197,196
176,222,191,191
177,212,182,192
178,212,177,189
179,218,189,192
180,221,190,198
181,215,197,191
182,218,174,202
183,227,196,193
184,222,198,191
185,232,181,192
186,211,176,188
187,211,177,227
188,229,186,189
189,212,189,217
190,217,178,183
191,207,176,188
192,232,197,182
193,239,177,188
194,219,183,198
195,216,181,186
196,225,178,181
197,217,181,192
198,225,193,204
199,213,180,196
200,235,207,205
201,229,189,185
202,243,201,192
203,224,184,190
204,218,192,210
205,214,188,198
206,219,191,191
207,218,193,197
208,230,218,205
209,230,191,182
210,218,192,202
211,214,183,187
212,213,184,189
213,233,198,196
214,215,195,228
215,227,187,206
216,228,192,191
217,221,180,189
218,217,182,181
219,224,184,195
220,214,183,197
221,221,176,180
222,228,188,185
223,227,194,191
224,232,200,191
225,222,204,229
226,229,218,248
227,210,184,190
228,230,188,184
229,222,190,186
230,221,175,182
231,217,177,179
232,222,184,191
233,228,198,199
234,207,187,191
235,221,181,193
236,235,182,191
237,217,184,174
238,234,184,176
239,195,179,209
240,225,217,193
241,222,185,169
242,216,184,175
243,229,202,188
244,243,220,218
245,260,206,205
246,240,197,201
247,238,229,226
248,241,225,197
249,230,208,204
250,238,233,254
251,248,214,209
252,221,208,188
253,259,247,224
254,229,210,194
255,227,208,214
256,236,235,188
257,218,196,185
258,226,190,183
259,208,182,181
260,226,185,178
261,243,233,206
262,231,202,195
263,227,199,183
264,228,204,210
265,248,214,198
266,215,215,229
267,217,199,201
268,219,181,179
269,212,189,184
270,217,190,172
271,235,194,174
272,217,194,175
273,207,193,180
274,230,194,169
275,217,210,203
276,253,196,182
277,218,189,178
278,222,183,194
279,229,179,173
280,234,221,191
281,239,200,177
282,218,180,200
283,224,185,188
284,220,184,176
285,210,176,169
286,221,176,179
287,222,198,199
288,234,198,193
289,252,232,210
290,221,205,193
291,226,224,215
292,238,222,205
293,231,199,224
294,233,206,226
295,252,238,251
296,277,235,240
297,221,188,203
298,227,187,188
299,236,195,183
300,229,196,188
301,232,187,178
302,220,176,189
303,226,179,181
304,245,197,177
305,217,193,185
306,250,204,179
307,227,197,196
308,246,204,186
309,224,201,198
310,239,218,196
311,222,201,179
312,240,183,194
313,239,245,233
314,236,220,212
315,255,216,206
316,262,229,216
317,243,229,206
318,238,235,203
319,242,368,244
320,238,220,213
321,237,211,231
322,225,200,211
323,257,222,209
324,236,217,258
325,226,186,216
326,226,214,199
327,221,209,209
328,230,198,195
329,227,206,209
330,231,218,222
331,220,191,193
332,243,222,259
333,247,209,199
334,229,229,213
335,249,230,217
336,237,246,233
337,229,219,187
338,228,211,207
339,226,212,201
340,243,206,248
341,238,214,225
342,237,226,225
343,259,253,227
344,255,247,255
345,263,216,225
346,235,217,209
347,237,225,225
348,264,228,200
349,227,236,222
350,229,214,205
351,228,213,206
352,240,200,209
353,248,229,212
354,243,230,229
355,236,245,228
356,231,218,205
357,239,210,192
358,237,216,203
359,236,212,221
360,226,207,217
361,236,207,198
362,228,217,207
363,240,210,203
364,234,202,188
365,253,225,278
366,242,231,232
367,250,215,207
368,222,212,199
369,251,211,206
370,228,203,214
371,233,219,215
372,242,207,204
373,220,201,204
374,261,207,201
375,235,202,195
376,219,205,197
377,308,265,242
378,249,228,208
379,247,210,214
380,234,217,196
381,232,216,200
382,235,213,210
383,242,222,205
384,216,199,208
385,228,203,199
386,216,190,214
387,219,202,190
388,240,204,212
389,225,201,200
390,216,196,229
391,223,209,222
392,232,217,234
393,220,210,223
394,248,242,223
395,242,220,235
396,218,207,238
397,231,222,248
398,223,209,226
399,278,218,209
400,210,182,207
401,209,186,202
402,213,181,197
403,214,178,187
404,208,177,185
405,217,173,185
406,210,177,181
407,213,177,182
408,229,170,188
409,249,247,195
410,208,195,200
411,211,184,191
412,239,227,212
413,221,179,196
414,216,186,191
415,209,173,183
416,223,173,206
417,233,212,213
418,228,209,215
419,225,195,201
420,238,207,203
421,214,183,184
422,211,204,208
423,231,209,226
424,221,165,192
425,226,204,205
426,212,195,321
427,231,208,206
428,211,183,179
429,213,167,175
430,214,181,184
431,247,184,204
432,211,182,204
433,220,187,183
434,225,198,191
435,204,175,186
436,208,175,184
437,224,196,229
438,217,207,211
439,224,169,183
440,218,171,187
441,210,176,192
442,207,177,195
443,227,179,183
444,211,163,177
445,203,187,207
446,227,184,193
447,201,170,190
448,212,178,176
449,210,193,214
450,221,179,184
451,212,173,176
452,210,186,225
453,225,207,222
454,239,220,217
455,228,187,212
456,227,180,199
457,208,173,196
458,240,217,219
459,211,190,207
460,214,185,198
461,233,191,197
462,259,208,237
463,205,205,216
464,214,201,211
465,220,205,216
466,225,181,197
467,215,178,187
468,213,178,194
469,209,173,187
470,208,173,205
471,200,168,182
472,212,183,198
473,204,176,179
474,205,169,195
475,213,193,212
476,234,207,187
477,217,169,176
478,218,175,182
479,218,213,205
480,214,192,204
481,227,206,216
482,232,202,215
483,215,197,208
484,223,212,235
485,217,195,226
486,220,207,212
487,215,177,186
488,218,173,181
489,226,204,225
490,211,177,187
491,221,183,182
492,219,169,178
493,203,177,184
494,210,179,186
495,224,194,178
496,214,177,181
497,213,179,177
498,213,169,179
499,204,165,184
500,208,182,188
501,211,168,174
502,214,179,185
503,219,213,189
504,208,167,182
505,215,206,192
506,223,218,201
507,221,203,221
508,211,197,233
509,218,193,202
510,227,204,211
511,238,205,194
512,217,182,200
513,211,197,188
514,214,186,193
515,264,280,271
516,250,243,235
517,227,193,194
518,242,194,191
519,216,217,201
520,221,178,189
521,207,175,181
522,201,172,185
523,210,170,209
524,207,186,194
525,238,199,191
526,238,194,192
527,227,186,193
528,216,189,193
529,213,181,191
530,239,198,190
531,230,210,204
532,217,175,200
533,235,189,182
534,211,182,184
535,251,216,199
536,207,194,190
537,219,178,188
538,211,177,170
539,221,174,186
540,215,179,187
541,217,197,208
542,203,179,190
543,247,227,209
544,223,191,197
545,223,189,210
546,226,201,212
547,224,206,224
548,220,184,215
549,219,203,244
550,218,214,212
551,218,190,203
552,217,193,193
553,216,195,192
554,211,199,194
555,229,224,195
556,246,225,209
557,213,196,207
558,231,187,186
559,201,198,177
560,234,199,192
561,225,191,197
562,216,180,199
563,212,183,187
564,215,189,211
565,219,198,192
566,207,174,188
567,220,195,191
568,216,184,186
569,212,179,197
570,213,183,195
571,216,185,186
572,210,182,187
573,220,233,210
574,228,192,177
575,214,180,194
576,211,192,210
577,215,188,209
578,208,198,198
579,222,181,199
580,224,187,186
581,216,193,200
582,208,181,196
583,247,223,200
584,219,210,188
585,216,183,194
586,206,174,192
587,218,200,184
588,208,199,200
589,214,186,186
590,218,182,195
591,206,182,203
592,225,194,192
593,212,185,185
594,216,187,201
595,213,188,216
596,209,178,184
597,236,198,196
598,214,192,190
599,216,186,181
600,222,182,191
601,217,193,201
602,219,185,189
603,206,181,189
604,209,176,202
605,215,187,211
606,225,183,183
607,230,186,188
608,210,195,206
609,226,185,182
610,233,203,215
611,218,186,208
612,204,178,189
613,220,192,183
614,227,191,192
615,225,196,191
616,216,183,208
617,218,195,189
618,212,198,187
619,207,188,222
620,213,181,223
621,221,182,197
622,224,201,193
623,214,187,196
624,211,192,205
625,213,187,200
626,219,212,207
627,223,205,196
628,210,174,211
629,208,188,201
630,210,178,190
631,209,179,199
632,216,174,181
633,202,165,177
634,209,171,181
635,207,174,194
636,213,173,181
637,220,229,202
638,208,183,178
639,215,186,209
640,211,178,178
641,211,175,200
642,217,178,198
643,231,200,189
644,215,173,178
645,220,177,178
646,230,204,189
647,232,239,216
648,213,184,207
649,214,177,185
650,211,170,182
651,222,190,197
652,219,180,181
653,208,174,184
654,232,189,194
655,205,176,179
656,209,182,180
657,211,177,184
658,213,175,184
659,205,230,197
660,225,223,194
661,211,174,174
662,207,181,178
663,208,179,180
664,226,234,216
665,206,177,175
666,207,167,173
667,207,166,190
668,221,184,176
669,216,175,171
670,202,165,184
671,212,170,181
672,234,184,187
673,213,176,170
674,203,180,187
675,201,173,173
676,213,179,184
677,211,176,177
678,236,195,183
679,219,177,189
680,207,170,174
681,221,186,193
682,221,177,191
683,211,172,186
684,200,172,198
685,213,177,178
686,207,168,186
687,213,171,189
688,199,182,184
689,200,164,170
690,213,180,185
691,204,172,183
692,224,172,174
693,202,169,183
694,213,192,179
695,217,168,175
696,203,168,169
697,205,190,218
698,218,208,186
699,208,171,180
700,211,167,186
701,213,173,177
702,221,165,176
703,220,175,179
704,198,169,180
705,211,172,186
706,225,210,200
707,208,174,183
708,208,178,171
709,196,165,173
710,229,202,195
711,237,202,232
712,218,181,212
713,219,209,200
714,231,253,209
715,230,193,222
716,222,185,189
717,211,182,194
718,224,195,193
719,213,186,196
720,222,193,199
721,210,202,196
722,221,209,209
723,216,212,211
724,243,206,210
725,219,196,213
726,205,194,197
727,212,205,215
728,222,191,198
729,218,185,193
730,219,178,211
731,221,198,196
732,229,189,201
733,229,187,203
734,218,192,210
735,244,192,202
736,218,185,199
737,206,199,187
738,227,193,208
739,211,197,200
740,221,186,192
741,213,198,215
742,237,228,218
743,230,234,204
744,217,186,198
745,235,221,199
746,206,173,198
747,270,216,197
748,219,192,185
749,199,181,197
750,222,208,219
751,210,207,202
752,217,188,198
753,207,207,219
754,218,197,206
755,222,194,196
756,217,184,198
757,211,176,187
758,211,193,255
759,230,209,272
760,217,169,177
761,206,188,181
762,208,189,200
763,207,170,179
764,214,173,180
765,206,203,195
766,211,166,203
767,232,179,180
768,220,168,175
769,220,184,179
770,229,189,192
771,227,190,184
772,226,191,213
773,219,178,186
774,242,183,179
775,216,188,188
776,231,190,184
777,225,234,240
778,221,182,211
779,212,185,197
780,220,184,192
781,224,197,189
782,207,190,185
783,212,177,181
784,224,212,206
785,223,197,186
786,202,182,190
787,209,176,182
788,216,172,182
789,208,191,215
790,238,211,201
791,216,185,185
792,222,182,203
793,211,178,188
794,221,187,188
795,209,183,185
796,214,211,190
797,235,186,201
798,219,188,217
799,209,184,186
800,217,185,197
801,227,185,201
802,214,178,196
803,210,183,183
804,216,186,191
805,212,188,183
806,218,186,176
807,214,181,196
808,214,171,183
809,197,170,171
810,200,158,181
811,211,175,182
812,210,175,177
813,201,168,179
814,217,163,170
815,203,174,183
816,210,178,187
817,226,190,200
818,207,182,195
819,217,178,174
820,206,181,188
821,271,213,185
822,230,218,204
823,219,188,194
824,218,191,194
825,216,206,225
826,228,190,200
827,209,209,196
828,225,181,183
829,212,183,196
830,245,178,187
831,219,194,187
832,202,178,198
833,222,235,242
834,223,199,204
835,221,174,185
836,216,174,182
837,209,185,192
838,214,185,196
839,236,238,234
840,283,202,187
841,207,174,188
842,219,179,198
843,203,173,178
844,224,187,227
845,214,202,227
846,214,181,193
847,213,197,196
848,208,185,211
849,210,192,207
850,221,180,185
851,206,201,184
852,233,211,217
853,245,190,203
854,218,190,201
855,216,178,183
856,217,184,202
857,204,188,199
858,213,180,194
859,230,206,181
860,212,178,203
861,226,205,199
862,233,202,209
863,209,195,181
864,216,184,204
865,220,189,198
866,218,189,202
867,214,187,200
868,208,177,191
869,212,188,211
870,223,199,195
871,217,193,191
872,216,178,192
873,218,190,197
874,210,188,202
875,213,176,179
876,216,178,180
877,218,180,202
878,222,209,219
879,201,180,194
880,204,192,186
881,206,176,197
882,218,179,193
883,220,176,195
884,212,201,198
885,212,169,191
886,217,193,178
887,200,180,198
888,239,185,181
889,212,164,178
890,215,165,179
891,202,169,176
892,202,176,187
893,211,178,174
894,200,163,180
895,194,164,191
896,215,182,172
897,204,165,182
898,208,175,181
899,209,163,171
900,206,184,179
901,204,173,179
902,210,164,177
903,207,158,178
904,201,171,186
905,199,162,182
906,201,185,182
907,232,175,182
908,223,161,183
909,215,173,188
910,199,166,173
911,205,158,166
912,205,182,185
913,207,166,189
914,201,173,179
915,207,164,180
916,214,177,184
917,215,168,178
918,206,164,166
919,214,223,222
920,214,169,175
921,205,178,179
922,219,207,200
923,210,178,178
924,206,172,179
925,222,189,194
926,204,168,174
927,202,176,168
928,211,169,180
929,201,164,177
930,214,168,175
931,198,170,176
932,209,188,199
933,216,166,181
934,214,168,175
935,218,165,183
936,207,163,189
937,203,168,180
938,213,172,185
939,224,177,174
940,205,177,165
941,204,176,185
942,197,171,179
943,201,165,187
944,203,171,171
945,195,172,174
946,203,163,178
947,199,179,187
948,201,164,179
949,197,164,179
950,199,169,175
951,206,194,184
952,208,173,174
953,197,163,169
954,203,161,175
955,201,170,181
956,207,175,179
957,204,168,174
958,203,159,170
959,202,173,180
960,215,166,200
961,211,185,171
962,201,166,178
963,206,180,173
964,208,166,175
965,210,161,168
966,193,163,174
967,209,166,184
968,208,166,168
969,200,178,183
970,196,177,200
971,201,168,186
972,200,171,174
973,201,169,173
974,232,218,211
975,206,169,176
976,208,174,179
977,212,175,182
978,213,180,188
979,203,168,179
980,207,159,178
981,206,162,177
982,222,193,175
983,208,173,182
984,213,173,177
985,209,165,176
986,208,172,191
987,213,168,176
988,203,176,173
989,223,179,191
990,205,168,179
991,210,166,174
992,203,171,171
993,208,160,185
994,195,168,182
995,196,161,179
996,209,167,169
997,208,183,172
998,199,160,164
999,195,176,206
1000,203,159,177
1001,205,160,187
1002,213,168,179
1003,212,168,187
1004,208,162,177
1005,205,166,174
1006,207,168,165
1007,220,167,178
1008,201,179,201
1009,203,171,166
1010,200,165,176
1011,203,169,182
1012,220,184,189
1013,214,163,169
1014,227,165,170
1015,223,167,196
1016,211,185,188
1017,203,173,179
1018,206,164,172
1019,199,166,180
1020,200,167,176
1021,217,173,183
1022,202,171,183
1023,207,176,180
1024,209,169,170
1025,223,171,178
1026,205,170,185
1027,213,206,174
1028,199,169,166
1029,215,218,182
1030,210,171,186
1031,214,179,177
1032,192,172,176
1033,206,169,175
1034,228,165,184
1035,222,186,178
1036,199,169,173
1037,209,164,171
1038,201,168,181
1039,216,173,189
1040,204,173,170
1041,200,161,177
1042,200,163,171
1043,208,169,180
1044,196,165,176
1045,211,163,170
1046,215,181,167
1047,206,165,176
1048,216,173,169
1049,200,176,186
1050,198,170,172
1051,192,163,170
1052,218,169,182
1053,193,163,179
1054,204,166,174
1055,198,160,169
1056,227,174,189
1057,208,172,209
1058,204,169,176
1059,205,164,185
1060,220,182,201
1061,209,178,185
1062,213,161,181
1063,203,173,191
1064,213,171,180
1065,225,177,186
1066,215,164,172
1067,204,165,187
1068,202,166,181
1069,207,177,178
1070,228,199,189
1071,214,197,185
1072,199,169,189
1073,210,169,172
1074,209,162,165
1075,204,163,174
1076,213,199,189
1077,216,167,172
1078,203,165,172
1079,192,165,174
1080,217,169,165
1081,200,182,182
1082,208,170,175
1083,201,176,182
1084,210,169,195
1085,199,167,172
1086,200,182,198
1087,205,162,177
1088,215,171,174
1089,198,180,173
1090,197,205,191
1091,204,166,174
1092,197,166,169
1093,233,166,172
1094,199,168,164
1095,212,171,180
1096,203,166,170
1097,206,166,184
1098,206,165,177
1099,195,179,182
1100,194,161,169
1101,201,160,182
1102,202,164,170
1103,207,181,173
1104,191,166,167
1105,200,183,178
1106,200,168,177
1107,203,169,175
1108,209,156,162
1109,205,183,176
1110,217,169,170
1111,206,196,204
1112,205,176,191
1113,210,169,173
1114,206,169,175
1115,202,163,172
1116,199,161,179
1117,203,176,177
1118,194,170,177
1119,204,159,163
1120,201,168,178
1121,202,168,175
1122,210,184,173
1123,202,169,183
1124,203,159,174
1125,226,196,178
1126,204,172,176
1127,207,170,191
1128,220,166,174
1129,210,168,166
1130,214,174,186
1131,215,164,172
1132,202,163,180
1133,199,164,175
1134,207,169,171
1135,230,183,171
1136,200,158,180
1137,210,165,184
1138,192,161,162
1139,210,179,164
1140,223,193,181
1141,219,160,166
1142,200,163,166
1143,202,171,180
1144,202,188,176
1145,211,165,171
1146,207,164,190
1147,205,170,172
1148,197,160,164
1149,196,165,176
1150,199,165,177
1151,213,161,167
1152,197,166,228
1153,240,195,177
1154,194,167,174
1155,197,168,184
1156,202,177,183
1157,197,172,175
1158,203,162,169
1159,196,166,169
1160,211,169,180
1161,196,163,170
1162,213,172,191
1163,215,168,175
1164,207,168,175
1165,220,160,166
1166,227,172,186
1167,208,170,171
1168,195,171,170
1169,208,164,186
1170,208,181,177
1171,212,174,191
1172,219,165,192
1173,211,162,173
1174,198,160,174
1175,228,181,174
1176,202,161,171
1177,204,167,169
1178,199,172,213
1179,206,166,185
1180,196,162,174
1181,195,161,173
1182,205,168,179
1183,220,173,173
1184,203,190,225
1185,199,179,193
1186,210,179,165
1187,196,166,178
1188,220,171,165
1189,209,173,187
1190,212,174,171
1191,245,197,178
1192,207,167,180
1193,246,176,182
1194,211,172,175
1195,201,184,198
1196,211,175,177
1197,218,178,181
1198,204,162,164
1199,231,180,177
1200,213,180,177
1201,203,210,202
1202,197,165,177
1203,222,198,185
1204,201,165,178
1205,211,167,180
1206,209,167,186
1207,211,187,171
1208,200,165,174
1209,201,170,200
1210,210,186,185
1211,217,182,177
1212,196,165,169
1213,212,168,178
1214,205,179,181
1215,213,162,173
1216,214,212,175
1217,202,182,178
1218,208,169,173
1219,202,173,174
1220,207,171,178
1221,198,161,167
1222,200,171,185
1223,208,164,170
1224,215,174,170
1225,207,158,178
1226,202,174,174
1227,203,178,177
1228,234,167,168
1229,204,169,170
1230,198,168,183
1231,208,179,223
1232,203,154,177
1233,215,180,173
1234,210,167,204
1235,215,164,176
1236,210,170,171
1237,207,175,198
1238,214,176,187
1239,219,174,202
1240,211,186,180
1241,204,176,201
1242,217,178,176
1243,195,158,174
1244,209,198,190
1245,228,183,204
1246,214,189,199
1247,210,187,200
1248,211,180,184
1249,214,189,202
1250,229,205,206
1251,232,224,230
1252,218,201,189
1253,202,213,203
1254,224,182,195
1255,220,203,214
1256,229,181,193
1257,218,182,201
1258,218,184,177
1259,224,189,186
1260,218,181,196
1261,210,195,222
1262,206,196,202
1263,224,192,192
1264,250,213,208
1265,226,190,189
1266,213,182,178
1267,208,177,172
1268,197,166,183
1269,209,178,174
1270,211,169,183
1271,203,170,174
1272,212,172,181
1273,246,193,182
1274,198,204,214
1275,209,168,174
1276,226,196,183
1277,234,188,185
1278,233,174,187
1279,206,182,176
1280,213,172,175
1281,206,172,167
1282,197,168,167
1283,210,182,214
1284,202,168,174
1285,205,183,230
1286,222,227,213
1287,211,167,189
1288,204,163,184
1289,209,167,175
1290,200,165,201
1291,219,173,172
1292,215,175,175
1293,201,183,171
1294,216,228,243
1295,224,186,198
1296,200,165,184
1297,203,165,173
1298,227,185,212
1299,211,188,217
1300,204,191,180
1301,214,173,174
1302,207,173,179
1303,215,177,204
1304,216,193,174
1305,216,180,184
1306,208,186,201
1307,219,194,210
1308,207,188,183
1309,205,175,187
1310,213,201,199
1311,210,181,183
1312,222,207,218
1313,209,192,189
1314,290,191,174
1315,218,174,189
1316,216,194,195
1317,199,170,171
1318,201,164,164
1319,209,176,174
1320,232,211,221
1321,216,177,201
1322,202,167,184
1323,209,172,170
1324,204,187,199
1325,203,165,180
1326,207,181,173
1327,216,198,181
1328,237,193,195
1329,206,182,193
1330,206,176,180
1331,249,202,203
1332,214,178,179
1333,206,185,194
1334,223,180,185
1335,213,199,190
1336,209,188,198
1337,216,182,194
1338,210,175,189
1339,206,203,206
1340,217,184,187
1341,216,185,183
1342,221,186,182
1343,222,177,177
1344,236,196,189
1345,201,167,177
1346,211,161,171
1347,200,165,183
1348,212,174,180
1349,210,199,166
1350,223,172,184
1351,219,188,187
1352,221,180,198
1353,202,155,167
1354,210,174,170
1355,212,185,210
1356,210,182,177
1357,212,163,171
1358,208,163,174
1359,211,180,181
1360,204,169,180
1361,220,172,168
1362,193,178,176
1363,208,174,181
1364,233,185,191
1365,241,195,184
1366,204,165,175
1367,221,159,177
1368,207,170,175
1369,203,173,179
1370,195,164,180
1371,213,166,176
1372,203,175,180
1373,197,162,170
1374,202,166,172
1375,201,183,194
1376,206,164,170
1377,199,167,174
1378,201,173,182
1379,206,166,174
1380,199,177,170
1381,207,169,169
1382,207,175,165
1383,198,167,171
1384,194,162,168
1385,206,170,178
1386,217,159,166
1387,193,168,173
1388,210,181,183
1389,197,188,186
1390,197,169,171
1391,203,157,161
1392,212,188,191
1393,224,165,168
1394,198,168,168
1395,196,170,175
1396,217,193,206
1397,219,204,216
1398,224,198,231
1399,228,178,173
1400,219,178,183
1401,208,175,173
1402,207,160,166
1403,205,171,168
1404,213,181,200
1405,229,208,179
1406,219,156,168
1407,214,175,175
1408,200,162,179
1409,209,179,185
1410,205,157,170
1411,211,184,180
1412,223,190,186
1413,202,168,178
1414,211,172,171
1415,212,171,180
1416,214,190,170
1417,201,178,182
1418,244,250,251
1419,223,169,175
1420,211,173,170
1421,207,171,185
1422,210,196,217
1423,233,202,199
1424,211,178,195
1425,207,175,245
1426,237,208,201
1427,218,190,197
1428,201,174,182
1429,234,232,294
1430,243,236,219
1431,238,182,208
1432,209,189,195
1433,221,205,196
1434,240,208,204
1435,207,187,198
1436,299,265,313
1437,210,184,198
1438,218,193,192
1439,304,251,201
1440,214,172,190
1441,203,177,181
1442,211,183,182
1443,218,207,190
1444,208,185,192
1445,196,165,177
1446,207,163,186
1447,195,170,182
1448,214,168,180
1449,202,179,173
1450,199,171,181
1451,207,158,165
1452,219,166,180
1453,208,167,175
1454,217,180,187
1455,200,162,179
1456,214,163,178
1457,204,175,197
1458,217,170,171
1459,204,163,174
1460,204,159,170
1461,215,178,180
1462,214,173,170
1463,195,164,170
1464,211,204,180
1465,208,183,184
1466,207,173,177
1467,196,171,191
1468,202,158,180
1469,194,171,170
1470,257,195,197
1471,212,175,176
1472,200,168,172
1473,202,172,173
1474,202,180,219
1475,206,176,206
1476,229,167,183
1477,206,170,198
1478,226,210,193
1479,209,169,188
1480,213,163,170
1481,205,159,168
1482,219,172,173
1483,233,241,179
1484,202,169,182
1485,208,183,194
1486,211,187,198
1487,201,180,178
1488,224,165,176
1489,208,170,184
1490,231,204,188
1491,206,171,179
1492,197,164,184
1493,219,183,179
1494,214,166,175
1495,215,174,190
1496,231,208,189
1497,198,168,174
1498,210,171,177
1499,201,164,177
1500,211,176,179
1501,230,180,171
1502,225,188,178
1503,192,166,179
1504,202,171,188
1505,228,180,202
1506,211,183,182
1507,207,169,165
1508,207,166,169
1509,195,166,184
1510,209,178,190
1511,225,176,176
1512,206,166,223
1513,198,175,180
1514,211,169,185
1515,215,183,189
1516,203,164,172
1517,202,165,162
1518,205,172,186
1519,199,165,174
1520,198,161,169
1521,199,163,168
1522,203,168,172
1523,214,168,175
1524,202,172,164
1525,194,159,168
1526,200,158,166
1527,200,159,178
1528,205,176,200
1529,203,159,171
1530,213,167,171
1531,205,160,169
1532,201,168,172
1533,212,180,175
1534,200,164,178
1535,195,164,176
1536,224,218,187
1537,205,164,169
1538,199,169,176
1539,196,167,179
1540,190,159,183
1541,197,194,213
1542,204,173,182
1543,200,167,173
1544,196,163,169
1545,197,166,170
1546,211,168,176
1547,194,160,171
1548,204,161,173
1549,205,215,224
1550,228,169,175
1551,200,162,173
1552,198,161,170
1553,192,169,184
1554,196,178,174
1555,210,163,188
1556,204,164,164
1557,197,157,166
1558,213,175,167
1559,199,173,168
1560,197,172,185
1561,235,165,165
1562,197,172,171
1563,195,164,174
1564,209,172,171
1565,199,170,170
1566,189,162,172
1567,207,165,170
1568,197,162,179
1569,206,155,172
1570,194,157,181
1571,200,162,171
1572,195,167,170
1573,211,166,207
1574,200,159,167
1575,201,161,170
1576,232,191,178
1577,204,157,169
1578,203,156,184
1579,201,172,174
1580,209,167,178
1581,201,165,176
1582,199,169,175
1583,196,156,170
1584,210,162,177
1585,186,160,173
1586,210,175,177
1587,205,163,180
1588,193,161,173
1589,211,175,211
1590,215,173,177
1591,203,205,189
1592,223,174,185
1593,196,171,173
1594,197,165,177
1595,213,192,205
1596,203,163,168
1597,199,164,179
1598,227,220,190
1599,195,171,172
1600,192,162,175
1601,203,152,167
1602,206,168,182
1603,207,172,173
1604,194,178,178
1605,199,159,172
1606,193,170,181
1607,214,169,178
1608,201,161,170
1609,216,177,194
1610,195,199,224
1611,197,157,174
1612,205,167,179
1613,193,160,166
1614,200,164,173
1615,199,161,164
1616,201,158,180
1617,199,167,173
1618,192,162,175
1619,200,164,168
1620,191,155,174
1621,194,160,173
1622,204,167,174
1623,208,162,174
1624,193,157,175
1625,201,162,165
1626,199,163,168
1627,189,158,177
1628,201,174,173
1629,234,208,178
1630,216,164,182
1631,194,163,186
1632,223,161,170
1633,193,160,166
1634,235,162,190
1635,202,182,195
1636,202,159,183
1637,197,162,185
1638,200,163,166
1639,196,157,169
1640,201,172,171
1641,199,172,173
1642,209,184,203
1643,199,161,172
1644,201,160,177
1645,194,165,179
1646,196,172,171
1647,196,158,168
1648,211,166,172
1649,211,169,180
1650,202,160,173
1651,185,158,165
1652,218,161,180
1653,206,200,193
1654,205,170,177
1655,201,161,177
1656,204,162,176
1657,201,168,166
1658,206,164,171
1659,194,159,179
1660,219,211,211
1661,189,164,183
1662,197,162,174
1663,200,161,167
1664,199,151,170
1665,222,167,179
1666,198,168,170
1667,194,157,171
1668,188,157,166
1669,195,156,174
1670,197,160,174
1671,200,162,171
1672,200,161,169
1673,196,161,168
1674,191,158,170
1675,198,177,189
1676,195,173,172
1677,201,163,168
1678,208,157,168
1679,197,158,168
1680,200,163,173
1681,194,167,174
1682,201,182,201
1683,198,166,174
1684,201,168,175
1685,239,179,174
1686,199,164,178
1687,207,158,165
1688,201,167,174
1689,200,178,174
1690,204,162,173
1691,196,158,179
1692,213,163,167
1693,206,173,177
1694,209,160,167
1695,208,166,209
1696,223,184,187
1697,205,174,197
1698,193,188,191
1699,206,189,216
1700,217,188,199
1701,215,166,180
1702,207,172,185
1703,197,166,178
1704,193,161,173
1705,198,170,183
1706,211,172,174
1707,189,159,183
1708,208,161,194
1709,197,185,173
1710,214,160,176
1711,195,173,171
1712,196,169,170
1713,203,170,178
1714,250,179,184
1715,200,174,163
1716,190,159,171
1717,187,169,170
1718,189,156,176
1719,203,170,172
1720,191,158,197
1721,203,160,174
1722,208,207,211
1723,216,171,178
1724,208,159,172
1725,211,163,171
1726,212,179,204
1727,197,163,170
1728,208,168,171
1729,199,156,170
1730,189,158,180
1731,201,161,174
1732,195,161,189
1733,217,168,172
1734,203,181,216
1735,206,165,169
1736,207,160,167
1737,213,178,172
1738,213,182,209
1739,197,169,169
1740,187,154,168
1741,211,173,187
1742,198,168,180
1743,207,167,177
1744,204,167,173
1745,208,167,176
1746,205,160,169
1747,200,166,166
1748,224,200,177
1749,210,163,166
1750,204,158,175
1751,203,168,182
1752,199,165,169
1753,206,164,167
1754,188,163,170
1755,199,167,169
1756,197,156,167
1757,194,158,167
1758,192,164,170
1759,207,158,178
1760,191,170,160
1761,188,171,205
1762,203,167,178
1763,197,158,169
1764,193,167,176
1765,191,154,166
1766,199,164,166
1767,205,174,186
1768,196,163,176
1769,204,160,177
1770,194,162,172
1771,203,153,185
1772,214,179,193
1773,198,162,179
1774,190,165,169
1775,210,186,197
1776,200,171,183
1777,211,177,177
1778,219,180,176
1779,195,174,173
1780,200,195,197
1781,208,177,166
1782,194,163,172
1783,214,166,168
1784,198,168,181
1785,203,161,172
1786,191,161,170
1787,225,171,178
1788,201,166,182
1789,227,231,204
1790,220,162,167
1791,208,164,164
1792,200,168,180
1793,202,167,176
1794,194,160,175
1795,189,157,173
1796,199,163,167
1797,202,157,183
1798,208,162,174
1799,193,173,172
1800,196,156,165
1801,198,163,172
1802,200,158,176
1803,194,161,175
1804,194,162,177
1805,217,183,172
1806,200,159,169
1807,195,160,182
1808,216,183,174
1809,193,157,173
1810,208,164,167
1811,206,183,178
1812,201,162,183
1813,199,160,173
1814,227,183,164
1815,203,162,171
1816,197,167,175
1817,197,163,181
1818,193,155,165
1819,198,158,179
1820,207,170,167
1821,204,163,182
1822,195,161,183
1823,203,169,181
1824,210,165,175
1825,211,170,184
1826,211,172,169
1827,196,200,222
1828,205,158,173
1829,203,172,176
1830,204,166,173
1831,205,160,167
1832,203,157,171
1833,203,172,174
1834,195,162,178
1835,208,159,162
1836,204,162,166
1837,196,162,167
1838,200,174,182
1839,196,159,176
1840,201,172,192
1841,211,175,181
1842,208,162,171
1843,224,191,182
1844,204,193,203
1845,233,161,172
1846,199,160,175
1847,199,161,164
1848,204,154,168
1849,198,169,169
1850,196,159,176
1851,206,189,199
1852,205,185,174
1853,204,169,213
1854,222,170,172
1855,189,160,171
1856,202,167,168
1857,207,196,211
1858,194,166,175
1859,189,159,176
1860,196,169,175
1861,189,159,186
1862,200,159,167
1863,189,154,168
1864,201,159,171
1865,191,159,176
1866,200,165,181
1867,203,157,171
1868,209,174,175
1869,215,165,173
1870,204,172,180
1871,201,172,175
1872,209,162,171
1873,194,160,182
1874,204,161,171
1875,213,166,170
1876,194,158,176
1877,191,162,177
1878,203,165,171
1879,193,162,183
1880,200,164,170
1881,195,158,172
1882,206,171,178
1883,209,165,168
1884,202,170,163
1885,196,159,170
1886,219,173,178
1887,205,162,183
1888,191,161,164
1889,195,163,176
1890,221,173,179
1891,211,162,174
1892,198,167,169
1893,237,182,184
1894,212,184,189
1895,191,168,168
1896,212,163,182
1897,190,159,162
1898,191,157,168
1899,216,161,169
1900,204,165,178
1901,188,156,173
1902,211,174,191
1903,204,160,167
1904,200,169,172
1905,189,165,169
1906,203,185,196
1907,202,167,172
1908,190,187,184
1909,193,156,175
1910,192,155,173
1911,199,159,179
1912,196,163,175
1913,211,164,176
1914,204,180,174
1915,201,164,181
1916,201,161,166
1917,197,160,170
1918,200,161,178
1919,205,190,207
1920,201,209,178
1921,194,164,171
1922,196,162,180
1923,205,162,178
1924,192,166,177
1925,195,159,171
1926,198,160,209
1927,211,194,197
1928,211,178,189
1929,223,185,182
1930,203,166,179
1931,205,172,181
1932,221,268,225
1933,210,176,172
1934,221,168,177
1935,202,167,187
1936,207,170,178
1937,221,173,181
1938,216,194,205
1939,213,191,188
1940,208,180,186
1941,218,171,181
1942,208,181,200
1943,209,177,200
1944,221,182,178
1945,213,169,191
1946,202,163,168
1947,194,173,171
1948,201,161,181
1949,246,195,184
1950,203,173,188
1951,199,164,167
1952,201,162,191
1953,227,181,179
1954,205,178,197
1955,215,160,175
1956,206,158,166
1957,224,190,183
1958,199,171,179
1959,196,166,162
1960,202,169,181
1961,225,168,175
1962,207,169,175
1963,212,169,171
1964,192,164,177
1965,207,167,184
1966,198,166,180
1967,229,159,170
1968,203,166,199
1969,201,168,170
1970,202,178,169
1971,198,158,179
1972,203,176,167
1973,194,172,179
1974,191,160,183
1975,196,172,175
1976,200,163,167
1977,197,154,169
1978,193,170,193
1979,269,205,189
1980,213,168,167
1981,210,160,162
1982,200,165,177
1983,200,165,173
1984,195,164,187
1985,207,173,170
1986,195,157,174
1987,193,159,165
1988,191,168,173
1989,191,159,165
1990,188,165,164
1991,225,168,194
1992,194,161,165
1993,200,162,191
1994,198,167,175
1995,189,156,167
1996,190,167,171
1997,202,156,172
1998,195,162,175
1999,186,160,185
2000,194,165,180
2001,197,162,167
2002,198,158,169
2003,194,163,170
2004,197,172,175
2005,214,160,173
2006,216,223,175
2007,215,161,169
2008,212,164,182
2009,207,161,172
2010,199,155,169
2011,206,169,181
2012,201,163,174
2013,186,157,165
2014,197,162,172
2015,202,170,166
2016,202,168,175
2017,190,167,187
2018,205,155,169
2019,193,171,178
2020,205,164,171
2021,201,162,180
2022,195,158,181
2023,202,163,205
2024,210,164,182
2025,201,181,178
2026,209,171,209
2027,201,165,212
2028,200,172,188
2029,217,169,187
2030,208,170,177
2031,213,167,176
2032,208,171,186
2033,211,186,191
2034,212,194,219
2035,222,201,218
2036,218,184,176
2037,207,182,183
2038,207,163,166
2039,200,174,174
2040,208,164,169
2041,196,163,172
2042,195,164,183
2043,195,166,161
2044,188,157,173
2045,218,159,178
2046,195,163,175
2047,201,163,167
2048,187,158,183
2049,199,171,182
2050,190,171,180
2051,209,173,183
2052,208,157,172
2053,206,165,174
2054,196,160,172
2055,204,177,177
2056,208,162,177
2057,198,161,169
2058,208,173,169
2059,208,167,181
2060,205,158,175
2061,200,174,217
2062,200,164,170
2063,209,166,174
2064,199,166,174
2065,197,157,171
2066,205,174,168
2067,197,160,180
2068,198,164,170
2069,199,161,181
2070,190,164,174
2071,218,169,180
2072,216,158,175
2073,194,159,169
2074,201,182,214
2075,219,171,171
2076,205,161,179
2077,200,164,178
2078,207,161,170
2079,195,166,181
2080,208,167,179
2081,202,167,187
2082,200,170,174
2083,196,159,179
2084,193,173,180
2085,199,164,183
2086,219,176,209
2087,224,212,201
2088,203,179,180
2089,197,158,168
2090,192,165,173
2091,185,165,172
2092,189,163,171
2093,198,164,188
2094,212,182,174
2095,200,167,172
2096,199,158,168
2097,192,167,174
2098,204,162,171
2099,210,173,172
2100,236,183,169
2101,198,162,181
2102,203,175,183
2103,206,162,178
2104,196,155,163
2105,189,157,167
2106,204,157,183
2107,202,161,178
2108,199,166,183
2109,207,159,171
2110,196,165,177
2111,210,165,167
2112,211,190,173
2113,203,174,178
2114,227,175,169
2115,199,164,174
2116,199,161,204
2117,196,158,175
2118,199,153,189
2119,206,156,170
2120,206,165,170
2121,195,160,174
2122,195,158,199
2123,201,167,171
2124,208,219,200
2125,204,162,173
2126,196,171,168
2127,194,161,171
2128,200,162,191
2129,200,164,168
2130,193,161,165
2131,191,167,171
2132,194,164,173
2133,191,158,176
2134,189,161,186
2135,194,158,168
2136,205,188,187
2137,193,159,180
2138,193,159,185
2139,191,164,167
2140,205,195,176
2141,210,161,167
2142,196,174,179
2143,209,168,174
2144,192,160,168
2145,207,166,170
2146,234,190,187
2147,205,165,169
2148,194,188,191
2149,198,167,179
2150,205,164,168
2151,190,156,172
2152,198,159,185
2153,199,167,166
2154,212,167,168
2155,208,178,178
2156,203,161,170
2157,199,157,166
2158,210,169,174
2159,203,162,173
2160,198,167,206
2161,192,160,163
2162,197,165,183
2163,197,166,171
2164,199,166,190
2165,209,172,169
2166,201,159,169
2167,207,171,179
2168,192,165,188
2169,216,166,172
2170,194,159,166
2171,195,161,172
2172,199,167,195
2173,204,163,172
2174,191,166,174
2175,209,175,176
2176,202,160,166
2177,192,169,202
2178,214,161,179
2179,196,159,176
2180,196,161,181
2181,195,160,170
2182,198,161,161
2183,198,161,165
2184,208,171,186
2185,193,166,167
2186,198,159,171
2187,209,178,179
2188,191,163,177
2189,197,169,168
2190,203,197,195
2191,217,168,165
2192,190,163,173
2193,197,166,174
2194,209,176,166
2195,196,173,177
2196,211,161,187
2197,191,156,166
2198,197,158,169
2199,221,177,180
2200,214,160,176
2201,197,165,168
2202,197,165,171
2203,213,206,191
2204,206,166,170
2205,194,163,202
2206,194,163,172
2207,215,176,176
2208,199,166,209
2209,220,155,170
2210,189,158,171
2211,218,170,205
2212,194,169,177
2213,195,165,177
2214,194,160,186
2215,204,169,176
2216,198,166,175
2217,199,184,168
2218,196,157,183
2219,203,167,175
2220,192,165,199
2221,198,162,169
2222,204,166,176
2223,208,169,172
2224,200,164,163
2225,204,162,166
2226,196,164,168
2227,199,160,170
2228,208,158,198
2229,219,176,168
2230,199,161,165
2231,205,172,179
2232,199,164,170
2233,189,163,170
2234,188,158,175
2235,202,179,174
2236,199,158,167
2237,189,166,181
2238,202,169,175
2239,206,166,172
2240,198,162,170
2241,199,173,179
2242,205,162,186
2243,201,164,169
2244,195,165,163
2245,196,156,179
2246,207,169,170
2247,208,161,170
2248,192,161,168
2249,194,160,189
2250,203,168,178
2251,190,161,177
2252,194,161,173
2253,204,168,175
2254,214,154,167
2255,200,186,185
2256,202,167,168
2257,205,168,169
2258,213,167,183
2259,206,164,178
2260,197,160,167
2261,193,161,172
2262,199,159,179
2263,188,158,177
2264,211,157,165
2265,204,160,174
2266,197,155,171
2267,205,172,210
2268,211,168,169
2269,194,167,172
2270,196,161,169
2271,190,158,185
2272,198,160,167
2273,186,158,162
2274,201,161,171
2275,205,171,185
2276,200,160,169
2277,192,160,167
2278,187,171,181
2279,187,161,168
2280,198,177,190
2281,201,154,168
2282,219,167,165
2283,212,184,188
2284,200,174,185
2285,210,165,172
2286,211,172,179
2287,210,168,176
2288,203,184,196
2289,200,175,177
2290,196,178,195
2291,217,179,170
2292,228,185,198
2293,204,183,196
2294,202,169,172
2295,196,159,179
2296,203,166,178
2297,208,175,183
2298,206,180,192
2299,202,180,185
2300,210,167,192
2301,211,171,189
2302,200,169,190
2303,211,161,167
2304,225,207,180
2305,229,185,214
2306,219,208,187
2307,211,180,181
2308,206,168,179
2309,205,166,174
2310,197,179,169
2311,198,163,179
2312,211,194,190
2313,214,177,173
2314,211,173,172
2315,200,156,176
2316,207,161,173
2317,207,171,167
2318,228,170,170
2319,217,166,165
2320,216,188,202
2321,234,180,172
2322,205,180,211
2323,226,179,172
2324,194,158,179
2325,219,175,195
2326,196,167,175
2327,197,163,187
2328,206,166,175
2329,211,166,182
2330,186,159,173
2331,202,171,171
2332,196,156,170
2333,199,173,186
2334,214,173,185
2335,212,165,197
2336,190,161,173
2337,203,164,181
2338,200,166,172
2339,190,159,186
2340,216,165,168
2341,199,163,177
2342,206,159,167
2343,218,221,239
2344,200,168,200
2345,200,163,179
2346,204,196,189
2347,203,168,173
2348,214,168,180
2349,205,179,187
2350,207,162,178
2351,220,192,194
2352,213,185,173
2353,198,164,174
2354,202,173,178
2355,200,161,182
2356,202,171,185
2357,214,169,170
2358,204,167,165
2359,230,190,185
2360,202,163,196
2361,204,164,175
2362,234,181,173
2363,225,200,189
2364,203,163,186
2365,209,180,176
2366,202,174,177
2367,192,174,184
2368,240,231,193
2369,226,166,188
2370,202,169,182
2371,211,166,183
2372,219,172,177
2373,201,168,186
2374,215,202,190
2375,212,168,180
2376,201,165,180
2377,202,178,177
2378,197,169,175
2379,205,168,180
2380,220,178,190
2381,225,205,212
2382,204,177,178
2383,240,227,219
2384,203,176,198
2385,208,163,170
2386,248,187,190
2387,216,176,185
2388,207,162,174
2389,211,167,175
2390,205,162,174
2391,201,161,176
2392,207,181,193
2393,218,185,194
2394,223,198,173
2395,205,165,184
2396,222,179,184
2397,201,163,205
2398,213,176,174
2399,220,200,193
2400,202,170,188
2401,214,194,181
2402,208,164,177
2403,215,179,176
2404,211,158,176
2405,228,216,204
2406,205,176,175
2407,204,178,174
2408,203,171,182
2409,223,185,174
2410,205,166,177
2411,210,173,201
2412,212,176,191
2413,214,186,181
2414,201,165,192
2415,219,176,174
2416,223,200,209
2417,208,185,219
2418,211,178,182
2419,194,192,173
2420,226,177,203
2421,206,184,207
2422,216,190,197
2423,210,171,181
2424,202,163,167
2425,271,189,183
2426,212,199,219
2427,211,195,176
2428,212,183,188
2429,201,164,176
2430,199,160,181
2431,203,210,267
2432,217,173,182
2433,196,165,178
2434,199,163,190
2435,231,220,232
2436,227,193,228
2437,212,166,175
2438,227,184,210
2439,234,189,224
2440,244,222,225
2441,228,206,222
2442,224,219,217
2443,237,172,182
2444,202,168,188
2445,199,175,175
2446,225,182,191
2447,225,215,190
2448,206,167,168
2449,213,177,172
2450,211,178,180
2451,206,172,184
2452,200,187,181
2453,209,174,173
2454,198,169,173
2455,198,160,169
2456,196,160,166
2457,192,159,167
2458,213,171,180
2459,196,167,204
2460,191,159,173
2461,221,174,183
2462,209,163,176
2463,211,190,222
2464,213,212,217
2465,231,178,177
2466,229,219,186
2467,201,170,187
2468,202,176,181
2469,209,161,183
2470,208,171,199
2471,191,185,189
2472,203,164,189
2473,206,163,168
2474,199,167,169
2475,216,177,202
2476,219,214,212
2477,206,174,193
2478,203,192,209
2479,224,186,182
2480,218,194,194
2481,224,173,190
2482,218,177,189
2483,206,196,199
2484,234,192,190
2485,209,174,185
2486,202,189,194
2487,209,176,212
2488,207,175,192
2489,208,171,181
2490,223,185,200
2491,214,190,187
2492,210,166,214
2493,205,162,178
2494,206,170,184
2495,222,183,180
2496,203,165,173
2497,193,175,196
2498,206,177,181
2499,208,183,193
2500,209,208,202
2501,215,177,180
2502,234,185,195
2503,222,193,197
2504,209,213,208
2505,211,178,179
2506,222,192,218
2507,250,220,236
2508,219,186,201
2509,220,191,223
2510,220,182,208
2511,230,226,218
2512,214,178,201
2513,200,167,187
2514,218,180,211
2515,229,171,175
2516,195,169,178
2517,216,163,192
2518,214,174,179
2519,199,164,174
2520,200,165,187
2521,219,173,188
2522,192,164,173
2523,194,162,170
2524,216,177,192
2525,204,164,177
2526,199,164,194
2527,204,160,176
2528,201,178,186
2529,205,170,187
2530,196,168,175
2531,197,156,172
2532,212,216,187
2533,203,167,183
2534,208,181,187
2535,192,175,170
2536,203,171,173
2537,201,168,172
2538,198,165,168
2539,210,180,209
2540,196,163,172
2541,198,166,173
2542,213,172,175
2543,200,158,172
2544,196,167,174
2545,194,159,178
2546,220,170,172
2547,205,162,172
2548,203,164,169
2549,205,168,182
2550,199,167,174
2551,198,171,176
2552,201,169,176
2553,206,164,179
2554,234,184,175
2555,207,176,173
2556,198,161,170
2557,197,165,186
2558,218,169,176
2559,200,177,183
2560,217,170,171
2561,208,165,173
2562,194,162,174
2563,217,173,176
2564,226,219,177
2565,212,163,168
2566,196,167,177
2567,210,163,192
2568,208,167,177
2569,203,172,183
2570,208,163,171
2571,206,164,170
2572,215,186,186
2573,200,162,166
2574,199,170,167
2575,202,163,177
2576,207,164,179
2577,193,168,183
2578,206,161,170
2579,192,164,174
2580,205,162,171
2581,207,172,186
2582,198,171,175
2583,199,165,177
2584,199,162,185
2585,192,172,175
2586,198,162,168
2587,205,159,178
2588,210,177,176
2589,219,178,176
2590,192,167,177
2591,205,180,171
2592,204,161,191
2593,202,177,161
2594,194,173,192
2595,237,167,183
2596,195,158,174
2597,195,170,183
2598,205,168,179
2599,193,164,168
2600,195,181,201
2601,212,178,189
2602,236,188,181
2603,216,174,184
2604,219,175,173
2605,205,157,170
2606,211,178,187
2607,200,161,172
2608,212,166,173
2609,208,169,176
2610,200,165,173
2611,208,164,177
2612,204,191,169
2613,197,160,177
2614,200,171,172
2615,198,171,174
2616,208,169,170
2617,191,164,172
2618,198,163,170
2619,194,161,178
2620,194,164,180
2621,195,169,170
2622,208,161,182
2623,225,174,180
2624,202,165,174
2625,194,164,169
2626,192,168,199
2627,201,188,188
2628,208,159,170
2629,209,166,181
2630,199,163,169
2631,190,164,170
2632,195,156,172
2633,193,165,168
2634,205,168,178
2635,195,215,190
2636,204,157,176
2637,199,163,173
2638,194,163,195
2639,211,167,172
2640,192,157,171
2641,193,170,178
2642,192,166,172
2643,208,165,176
2644,208,165,183
2645,204,162,168
2646,205,165,173
2647,209,166,179
2648,198,163,178
2649,205,160,164
2650,205,161,177
2651,214,189,212
2652,201,163,198
2653,194,164,170
2654,196,158,171
2655,211,169,181
2656,205,170,168
2657,207,170,178
2658,198,176,175
2659,195,159,174
2660,196,159,168
2661,198,165,170
2662,218,205,197
2663,210,166,183
2664,201,165,183
2665,197,173,181
2666,200,161,176
2667,200,157,169
2668,213,169,184
2669,199,160,173
2670,213,163,170
2671,191,167,165
2672,194,165,175
2673,194,155,166
2674,203,173,175
2675,193,198,178
2676,221,198,169
2677,204,173,177
2678,204,166,169
2679,193,164,174
2680,194,168,172
2681,210,163,182
2682,220,179,184
2683,197,162,166
2684,196,165,171
2685,192,163,194
2686,228,169,173
2687,202,168,178
2688,197,166,180
2689,215,175,168
2690,208,166,170
2691,210,170,168
2692,206,159,184
2693,195,173,178
2694,209,172,173
2695,198,166,175
2696,209,181,173
2697,217,171,174
2698,214,163,171
2699,199,167,180
2700,196,159,179
2701,211,175,172
2702,202,160,167
2703,209,164,172
2704,205,166,190
2705,208,154,163
2706,203,166,183
2707,194,164,167
2708,212,171,174
2709,193,160,174
2710,211,165,175
2711,206,173,174
2712,193,156,161
2713,221,195,212
2714,200,155,177
2715,201,170,173
2716,200,161,171
2717,194,168,171
2718,188,160,179
2719,193,173,173
2720,192,184,190
2721,200,167,170
2722,195,154,166
2723,207,170,174
2724,199,159,167
2725,209,165,181
2726,204,179,175
2727,222,165,168
2728,195,178,180
2729,201,153,176
2730,193,155,169
2731,207,177,167
2732,212,163,181
2733,188,159,165
2734,205,178,175
2735,206,172,183
2736,198,162,175
2737,205,160,175
2738,217,212,206
2739,209,172,165
2740,207,169,174
2741,196,177,175
2742,195,165,181
2743,227,186,185
2744,197,158,163
2745,203,163,169
2746,205,162,179
2747,200,172,183
2748,212,172,168
2749,199,159,171
2750,200,156,175
2751,189,174,172
2752,201,160,167
2753,194,157,166
2754,198,163,168
2755,213,200,173
2756,196,168,176
2757,185,160,180
2758,199,162,172
2759,211,174,170
2760,199,168,177
2761,195,166,175
2762,196,161,173
2763,213,168,168
2764,205,164,169
2765,199,162,167
2766,204,163,178
2767,197,159,187
2768,202,171,174
2769,202,158,167
2770,207,167,184
2771,198,160,173
2772,195,162,193
2773,209,158,168
2774,210,162,167
2775,201,168,203
2776,209,169,177
2777,203,153,164
2778,227,202,205
2779,199,164,171
2780,192,156,172
2781,189,159,166
2782,198,170,180
2783,201,179,184
2784,206,160,176
2785,191,161,174
2786,210,162,169
2787,209,168,183
2788,200,163,169
2789,202,163,178
2790,205,166,173
2791,202,172,173
2792,196,160,166
2793,193,161,179
2794,191,170,169
2795,202,187,173
2796,196,161,172
2797,201,172,172
2798,204,157,170
2799,194,155,173
2800,222,231,181
2801,196,174,178
2802,192,157,171
2803,203,167,180
2804,205,154,169
2805,196,162,162
2806,204,168,181
2807,212,165,165
2808,193,159,173
2809,199,159,169
2810,193,163,178
2811,196,159,166
2812,202,181,201
2813,209,172,177
2814,207,175,180
2815,220,165,174
2816,205,170,164
2817,202,167,176
2818,212,188,193
2819,203,164,174
2820,198,164,168
2821,201,168,175
2822,198,167,173
2823,215,165,174
2824,204,171,198
2825,206,165,176
2826,206,161,168
2827,202,164,173
2828,192,156,175
2829,198,175,180
2830,199,164,175
2831,195,172,170
2832,194,155,171
2833,195,166,175
2834,202,161,189
2835,204,167,182
2836,196,162,176
2837,242,196,177
2838,202,177,167
2839,211,165,163
2840,195,155,181
2841,202,175,183
2842,197,162,175
2843,200,159,159
2844,190,163,184
2845,205,165,174
2846,200,168,193
2847,212,167,170
2848,208,157,173
2849,195,164,178
2850,206,179,174
2851,202,161,179
2852,219,164,176
2853,189,159,174
2854,193,151,168
2855,196,164,174
2856,207,177,182
2857,204,173,184
2858,210,175,187
2859,214,170,182
2860,211,166,166
2861,202,174,179
2862,200,157,173
2863,200,197,179
2864,205,173,176
2865,217,179,174
2866,199,170,176
2867,195,166,173
2868,191,162,172
2869,204,180,181
2870,200,176,204
2871,198,174,172
2872,211,166,180
2873,200,162,174
2874,204,156,169
2875,215,175,169
2876,200,166,171
2877,192,158,169
2878,198,184,175
2879,196,160,173
2880,211,171,181
2881,195,163,186
2882,200,161,167
2883,200,170,168
2884,194,166,172
2885,209,182,180
2886,205,192,197
2887,208,170,174
2888,205,167,167
2889,191,159,178
2890,206,176,181
2891,200,161,163
2892,196,167,167
2893,205,175,189
2894,205,167,172
2895,197,163,168
2896,206,192,170
2897,205,171,183
2898,191,158,167
2899,198,190,175
2900,193,163,180
2901,198,170,168
2902,204,172,171
2903,197,162,172
2904,211,172,172
2905,195,166,171
2906,190,168,184
2907,216,161,172
2908,203,168,178
2909,201,171,163
2910,204,157,177
2911,198,173,172
2912,203,161,183
2913,204,159,175
2914,236,183,176
2915,206,168,175
2916,208,196,191
2917,208,164,172
2918,201,172,173
2919,215,166,177
2920,213,168,168
2921,200,163,180
2922,191,167,175
2923,203,169,176
2924,209,169,170
2925,191,189,171
2926,204,173,177
2927,209,161,165
2928,204,168,170
2929,211,170,169
2930,195,162,172
2931,196,165,172
2932,198,165,178
2933,202,174,173
2934,196,168,179
2935,234,189,170
2936,201,154,169
2937,199,171,173
2938,205,162,179
2939,202,169,179
2940,194,158,163
2941,200,157,169
2942,218,173,178
2943,201,161,166
2944,191,163,177
2945,198,166,184
2946,214,173,182
2947,217,181,206
2948,203,168,174
2949,199,162,182
2950,219,153,185
2951,194,159,165
2952,197,166,163
2953,209,164,185
2954,204,158,166
2955,188,153,168
2956,215,175,179
2957,199,162,166
2958,204,169,177
2959,214,169,178
2960,202,160,176
2961,195,163,162
2962,205,170,174
2963,207,163,171
2964,199,160,173
2965,199,163,182
2966,200,177,182
2967,199,159,173
2968,198,166,177
2969,195,160,172
2970,196,190,186
2971,201,178,168
2972,195,166,173
2973,197,191,199
2974,201,162,175
2975,194,160,188
2976,198,161,167
2977,209,169,177
2978,212,169,165
2979,193,160,168
2980,197,175,170
2981,199,158,171
2982,219,177,177
2983,198,166,175
2984,226,199,198
2985,214,197,191
2986,222,181,198
2987,201,172,188
2988,210,161,178
2989,208,171,178
2990,199,169,193
2991,207,173,203
2992,194,159,173
2993,212,163,188
2994,198,163,174
2995,218,195,197
2996,207,179,184
2997,206,173,196
2998,214,171,170
2999,209,169,189
3000,224,168,181
3001,206,170,178
3002,225,202,231
3003,191,165,197
3004,203,170,165
3005,211,172,181
3006,216,173,178
3007,212,170,175
3008,226,214,204
3009,224,226,233
3010,225,216,221
3011,200,176,183
3012,216,185,185
3013,214,199,197
3014,216,170,186
3015,208,163,175
3016,188,157,167
3017,226,210,183
3018,221,209,193
3019,213,171,212
3020,206,164,177
3021,198,174,176
3022,193,170,170
3023,201,171,179
3024,192,159,173
3025,240,173,181
3026,190,164,186
3027,199,158,173
3028,201,181,166
3029,218,174,190
3030,209,180,171
3031,226,195,204
3032,208,178,181
3033,217,195,193
3034,208,180,189
3035,207,185,196
3036,214,183,195
3037,228,177,181
3038,216,172,178
3039,215,172,180
3040,223,188,192
3041,198,167,170
3042,207,166,189
3043,229,201,193
3044,208,180,187
3045,213,194,196
3046,213,188,205
3047,210,227,259
3048,225,199,189
3049,209,186,193
3050,200,167,183
3051,218,180,183
3052,226,189,174
3053,215,167,182
3054,204,169,174
3055,203,173,196
3056,209,171,181
3057,205,172,178
3058,231,171,178
3059,201,172,179
3060,203,171,182
3061,211,171,178
3062,230,191,188
3063,228,181,172
3064,214,165,185
3065,202,169,172
3066,211,190,181
3067,211,183,195
3068,213,181,186
3069,208,175,204
3070,246,207,226
3071,208,169,170
3072,211,238,215
3073,242,188,195
3074,217,178,191
3075,204,168,173
3076,197,164,171
3077,194,175,177
3078,212,183,220
3079,199,172,184
3080,203,161,178
3081,204,169,177
3082,200,176,182
3083,204,171,175
3084,225,187,169
3085,200,160,182
3086,202,166,177
3087,196,165,169
3088,185,161,169
3089,194,162,168
3090,233,235,207
3091,212,163,177
3092,210,157,170
3093,202,172,161
3094,197,164,180
3095,213,195,183
3096,194,164,180
3097,191,162,170
3098,191,155,179
3099,197,182,168
3100,191,156,177
3101,200,170,172
3102,200,170,194
3103,200,161,174
3104,190,158,171
3105,193,164,180
3106,186,156,184
3107,195,171,173
3108,194,159,171
3109,191,159,171
3110,195,154,170
3111,194,169,166
3112,204,159,181
3113,204,162,178
3114,196,165,171
3115,211,172,167
3116,192,162,175
3117,196,174,171
3118,208,160,181
3119,191,166,170
3120,192,171,168
3121,205,168,175
3122,196,165,177
3123,193,163,180
3124,190,158,197
3125,188,156,179
3126,187,159,167
3127,201,160,178
3128,200,178,170
3129,209,198,187
3130,216,165,172
3131,203,169,171
3132,189,157,176
3133,178,151,175
3134,215,190,180
3135,202,171,171
3136,194,166,170
3137,182,156,176
3138,202,168,172
3139,208,165,199
3140,206,172,223
3141,199,165,170
3142,194,161,170
3143,192,167,175
3144,180,155,169
3145,191,168,167
3146,195,160,173
3147,198,164,175
3148,196,157,168
3149,191,166,177
3150,192,161,172
3151,200,167,171
3152,191,156,171
3153,198,154,166
3154,190,158,167
3155,186,161,168
3156,198,159,177
3157,207,170,183
3158,201,158,167
3159,189,156,165
3160,195,164,180
3161,196,156,170
3162,195,149,164
3163,228,188,180
3164,193,158,171
3165,203,158,174
3166,205,163,171
3167,197,165,176
3168,229,176,179
3169,196,160,176
3170,200,166,170
3171,186,157,167
3172,200,166,171
3173,201,173,178
3174,218,187,170
3175,194,174,173
3176,218,170,179
3177,211,162,171
3178,200,153,168
3179,219,175,174
3180,194,157,184
3181,197,168,163
3182,195,159,166
3183,182,164,177
3184,186,157,173
3185,200,165,172
3186,202,175,179
3187,203,170,168
3188,209,182,169
3189,215,175,180
3190,199,237,168
3191,212,197,187
3192,192,164,186
3193,184,152,166
3194,192,158,169
3195,209,199,180
3196,188,170,171
3197,203,172,176
3198,196,163,164
3199,197,162,168
3200,203,175,172
3201,224,162,173
3202,200,153,172
3203,220,164,178
3204,203,174,180
3205,187,165,174
3206,194,154,178
3207,196,158,177
3208,195,164,180
3209,204,154,170
3210,196,163,173
3211,216,162,179
3212,204,160,165
3213,209,158,164
3214,202,161,182
3215,200,162,175
3216,190,152,172
3217,203,180,183
3218,198,160,173
3219,202,161,173
3220,193,165,176
3221,195,165,168
3222,188,155,179
3223,209,158,181
3224,189,155,170
3225,195,163,177
3226,209,168,170
3227,191,159,170
3228,205,169,177
3229,205,161,172
3230,194,194,193
3231,204,164,176
3232,189,156,163
3233,189,158,173
3234,193,167,168
3235,205,161,168
3236,202,162,172
3237,180,156,173
3238,193,159,166
3239,204,159,170
3240,204,158,171
3241,189,155,170
3242,203,160,174
3243,197,157,172
3244,195,159,167
3245,211,170,182
3246,201,163,179
3247,213,165,167
3248,194,167,165
3249,198,173,174
3250,204,168,172
3251,229,167,177
3252,196,163,168
3253,198,171,181
3254,191,177,175
3255,194,166,162
3256,187,161,174
3257,208,174,170
3258,194,170,180
3259,203,165,178
3260,200,164,162
3261,177,157,161
3262,232,170,189
3263,196,160,177
3264,197,165,169
3265,198,164,173
3266,195,160,176
3267,204,162,163
3268,208,166,170
3269,198,161,174
3270,193,158,170
3271,213,162,177
3272,189,156,163
3273,201,167,185
3274,196,161,169
3275,193,178,199
3276,186,161,176
3277,184,167,171
3278,197,163,174
3279,212,167,169
3280,189,162,177
3281,190,156,169
3282,209,158,173
3283,222,182,173
3284,188,162,159
3285,200,161,167
3286,192,159,173
3287,204,161,165
3288,188,160,162
3289,197,163,172
3290,190,165,184
3291,192,171,170
3292,192,160,157
3293,208,173,167
3294,200,162,174
3295,203,186,173
3296,202,159,181
3297,206,161,176
3298,206,161,182
3299,194,167,172
3300,218,220,188
3301,210,169,172
3302,190,159,175
3303,205,167,166
3304,210,170,173
3305,196,165,174
3306,189,159,174
3307,198,163,171
3308,199,167,185
3309,200,158,167
3310,186,161,176
3311,201,170,182
3312,195,158,170
3313,195,162,168
3314,189,160,163
3315,190,156,179
3316,198,175,171
3317,190,158,168
3318,196,158,174
3319,200,161,179
3320,207,166,177
3321,193,161,174
3322,209,168,163
3323,195,162,179
3324,190,157,169
3325,189,164,172
3326,194,157,160
3327,187,161,176
3328,199,165,165
3329,210,170,174
3330,194,163,168
3331,217,173,189
3332,189,157,173
3333,189,167,174
3334,203,172,174
3335,203,159,165
3336,196,164,172
3337,199,161,171
3338,199,161,176
3339,201,162,175
3340,201,157,175
3341,210,167,169
3342,207,177,175
3343,203,159,169
3344,197,157,172
3345,216,170,181
3346,209,173,174
3347,200,177,165
3348,194,157,173
3349,200,164,177
3350,209,160,167
3351,204,159,164
3352,198,164,181
3353,192,161,164
3354,197,162,168
3355,192,157,191
3356,209,161,171
3357,191,151,174
3358,193,159,175
3359,196,161,170
3360,193,168,174
3361,195,174,170
3362,202,181,173
3363,182,158,167
3364,188,158,167
3365,213,159,180
3366,194,161,170
3367,201,162,166
3368,203,161,177
3369,186,165,172
3370,194,167,173
3371,190,166,180
3372,190,164,165
3373,205,175,172
3374,195,165,169
3375,209,168,169
3376,209,169,174
3377,191,163,181
3378,194,184,179
3379,191,163,171
3380,201,154,163
3381,197,164,166
3382,203,164,170
3383,201,164,170
3384,189,162,181
3385,193,167,182
3386,192,165,169
3387,216,181,212
3388,213,173,179
3389,226,171,162
3390,193,161,175
3391,202,173,170
3392,194,160,169
3393,206,164,168
3394,199,161,172
3395,203,170,171
3396,205,180,188
3397,217,169,180
3398,192,156,173
3399,205,174,168
3400,207,168,177
3401,209,162,172
3402,197,163,170
3403,195,156,166
3404,211,167,176
3405,201,166,166
3406,198,167,171
3407,193,158,168
3408,196,165,170
3409,189,161,170
3410,204,164,166
3411,204,190,175
3412,193,159,169
3413,188,171,174
3414,182,155,169
3415,199,161,178
3416,214,182,171
3417,194,166,173
3418,212,171,170
3419,203,161,182
3420,206,159,170
3421,190,157,173
3422,209,208,172
3423,211,166,169
3424,204,165,162
3425,195,164,163
3426,195,169,162
3427,202,155,178
3428,204,169,178
3429,198,161,182
3430,192,163,168
3431,190,156,166
3432,213,163,170
3433,205,167,193
3434,201,163,167
3435,192,157,165
3436,204,165,178
3437,195,165,160
3438,200,160,166
3439,238,184,174
3440,196,160,166
3441,192,165,165
3442,188,168,174
3443,216,169,168
3444,185,175,184
3445,202,154,172
3446,192,158,165
3447,192,156,166
3448,191,159,165
3449,194,162,165
3450,186,163,179
3451,193,181,175
3452,193,163,169
3453,200,164,172
3454,205,178,193
3455,195,165,188
3456,198,164,180
3457,202,162,168
3458,194,160,170
3459,195,155,171
3460,207,180,174
3461,208,181,168
3462,202,155,171
3463,218,169,183
3464,229,204,190
3465,208,173,230
3466,213,178,187
3467,297,210,201
3468,201,176,195
3469,209,172,175
3470,201,175,191
3471,232,187,238
3472,201,185,189
3473,205,165,164
3474,218,183,195
3475,215,174,209
3476,223,184,175
3477,201,161,173
3478,235,202,198
3479,205,186,193
3480,211,195,197
3481,207,171,184
3482,212,176,190
3483,204,161,179
3484,196,164,175
3485,222,221,208
3486,203,183,202
3487,237,195,202
3488,196,186,178
3489,204,196,188
3490,200,167,178
3491,197,165,171
3492,200,158,175
3493,204,162,166
3494,216,169,174
3495,195,165,177
3496,203,170,186
3497,210,167,170
3498,210,163,176
3499,192,158,190
3500,197,157,170
3501,202,162,171
3502,193,171,168
3503,201,164,190
3504,206,161,165
3505,200,160,171
3506,208,167,172
3507,205,169,178
3508,190,160,182
3509,219,179,173
3510,197,161,166
3511,194,164,172
3512,199,173,187
3513,219,188,204
3514,224,194,201
3515,203,181,175
3516,199,166,186
3517,211,171,179
3518,205,194,191
3519,200,157,168
3520,206,172,175
3521,211,193,219
3522,214,165,168
3523,201,161,172
3524,202,168,171
3525,201,167,172
3526,203,161,168
3527,207,171,180
3528,203,208,189
3529,211,172,175
3530,259,221,280
3531,212,193,229
3532,249,225,220
3533,213,171,172
3534,210,170,178
3535,198,195,177
3536,188,163,182
3537,194,165,169
3538,191,158,172
3539,189,159,174
3540,199,170,168
3541,220,183,181
3542,206,171,187
3543,228,172,171
3544,183,167,167
3545,204,160,170
3546,229,179,184
3547,190,159,162
3548,190,163,165
3549,198,166,173
3550,206,168,173
3551,197,158,165
3552,203,181,194
3553,189,156,173
3554,197,155,169
3555,194,161,169
3556,194,173,162
3557,217,177,181
3558,197,165,170
3559,205,157,164
3560,207,170,167
3561,204,163,161
3562,193,169,181
3563,187,162,185
3564,216,164,174
3565,195,164,171
3566,189,154,168
3567,199,155,167
3568,219,175,172
3569,202,170,170
3570,185,164,178
3571,198,160,161
3572,183,156,161
3573,195,161,166
3574,196,161,170
3575,190,167,175
3576,192,159,172
3577,187,155,172
3578,188,165,160
3579,217,169,167
3580,200,156,163
3581,189,162,168
3582,208,173,166
3583,200,159,174
3584,192,163,158
3585,204,168,183
3586,194,175,186
3587,196,163,165
3588,190,155,169
3589,201,164,166
3590,195,192,170
3591,205,158,170
3592,196,159,171
3593,192,164,166
3594,198,164,161
3595,201,156,166
3596,210,177,181
3597,205,159,183
3598,193,168,169
3599,192,171,172
3600,209,169,181
3601,221,170,173
3602,193,148,166
3603,208,159,163
3604,202,174,165
3605,207,162,167
3606,202,164,166
3607,190,154,168
3608,201,153,168
3609,191,159,169
3610,192,164,166
3611,192,156,163
3612,239,156,176
3613,183,159,167
3614,192,161,166
3615,191,157,180
3616,200,157,182
3617,195,161,178
3618,191,156,169
3619,205,179,173
3620,189,162,169
3621,198,157,168
3622,188,148,164
3623,196,186,167
3624,187,159,164
3625,201,163,171
3626,193,153,162
3627,209,160,179
3628,202,155,168
3629,200,162,174
3630,195,174,197
3631,197,157,166
3632,201,170,175
3633,191,155,182
3634,199,156,178
3635,199,159,157
3636,198,164,165
3637,197,173,169
3638,190,158,178
3639,193,164,173
3640,198,166,175
3641,200,186,198
3642,202,165,176
3643,202,159,174
3644,190,159,166
3645,198,178,181
3646,186,164,165
3647,189,152,166
3648,185,152,160
3649,192,154,168
3650,210,190,199
3651,199,154,166
3652,200,166,174
3653,191,158,159
3654,189,161,163
3655,195,170,172
3656,196,165,170
3657,190,160,167
3658,187,160,155
3659,205,160,163
3660,186,153,174
3661,196,156,169
3662,206,195,202
3663,197,162,170
3664,194,159,161
3665,189,159,170
3666,193,164,165
3667,205,172,174
3668,210,160,175
3669,197,161,166
3670,197,152,162
3671,193,160,167
3672,183,157,167
3673,195,159,174
3674,245,198,178
3675,195,162,165
3676,186,159,186
3677,193,161,166
3678,208,160,174
3679,209,157,162
3680,190,157,171
3681,196,164,167
3682,203,160,181
3683,194,159,184
3684,194,164,173
3685,215,156,176
3686,209,151,161
3687,196,160,168
3688,196,170,171
3689,204,160,178
3690,192,158,158
3691,192,157,173
3692,190,163,167
3693,188,162,164
3694,185,161,183
3695,193,164,164
3696,201,161,164
3697,252,174,176
3698,194,150,164
3699,210,171,162
3700,200,172,166
3701,188,157,160
3702,192,160,166
3703,180,152,167
3704,188,151,168
3705,199,161,172
3706,197,161,163
3707,192,156,162
3708,184,184,201
3709,183,157,168
3710,212,156,168
3711,197,158,169
3712,196,160,167
3713,199,166,169
3714,192,158,169
3715,199,161,163
3716,191,162,169
3717,195,154,172
3718,209,159,168
3719,186,155,182
3720,187,160,172
3721,189,168,166
3722,199,163,168
3723,207,166,173
3724,194,178,180
3725,202,157,167
3726,193,158,161
3727,204,171,185
3728,190,160,169
3729,219,181,170
3730,182,155,164
3731,194,160,168
3732,201,155,170
3733,200,179,177
3734,197,166,173
3735,186,165,158
3736,196,159,165
3737,195,156,158
3738,187,171,175
3739,188,159,166
3740,187,154,162
3741,182,165,171
3742,185,153,163
3743,229,199,184
3744,192,164,170
3745,188,158,169
3746,186,163,176
3747,217,166,182
3748,181,162,168
3749,187,180,171
3750,192,163,165
3751,198,176,178
3752,208,185,185
3753,225,194,192
3754,205,199,193
3755,211,191,193
3756,206,178,189
3757,236,244,218
3758,229,207,222
3759,199,165,189
3760,205,182,201
3761,206,168,179
3762,203,197,200
3763,216,204,192
3764,218,173,199
3765,202,167,189
3766,199,159,170
3767,193,158,170
3768,205,152,166
3769,191,159,171
3770,188,171,194
3771,212,174,177
3772,210,186,180
3773,206,178,200
3774,214,175,184
3775,207,169,168
3776,204,200,203
3777,215,167,182
3778,222,193,189
3779,212,190,207
3780,229,209,183
3781,203,171,182
3782,212,166,181
3783,207,191,184
3784,225,203,210
3785,205,186,185
3786,240,184,205
3787,197,191,202
3788,216,178,182
3789,227,235,228
3790,202,165,197
3791,233,228,234
3792,230,192,183
3793,224,177,189
3794,203,188,182
3795,298,230,225
3796,213,230,224
3797,204,171,179
3798,199,161,171
3799,204,156,170
3800,191,160,165
3801,226,222,194
3802,224,212,229
3803,232,190,184
3804,212,188,177
3805,220,211,235
3806,275,249,204
3807,257,245,229
3808,216,184,210
3809,204,194,196
3810,203,181,235
3811,227,166,169
3812,206,162,171
3813,214,213,212
3814,197,164,170
3815,197,187,177
3816,215,167,189
3817,192,163,167
3818,205,157,177
3819,198,158,167
3820,197,160,168
3821,208,164,181
3822,205,188,180
3823,196,170,165
3824,207,160,182
3825,201,172,175
3826,214,178,204
3827,194,165,175
3828,200,161,182
3829,197,157,169
3830,198,159,165
3831,205,165,174
3832,198,172,169
3833,203,163,176
3834,227,167,175
3835,203,175,190
3836,199,176,192
3837,219,191,187
3838,206,176,185
3839,222,171,172
3840,211,158,169
3841,194,168,184
3842,200,173,187
3843,200,162,201
3844,219,226,225
3845,219,197,200
3846,197,193,205
3847,220,176,184
3848,231,257,236
3849,255,232,222
3850,269,257,238
3851,211,174,202
3852,226,182,232
3853,222,213,208
3854,205,171,189
3855,226,180,172
3856,212,175,170
3857,229,178,193
3858,234,221,251
3859,222,192,181
3860,212,186,193
3861,211,179,188
3862,201,170,184
3863,214,177,182
3864,190,158,171
3865,193,161,164
3866,185,158,169
3867,184,157,168
3868,199,173,218
3869,203,171,190
3870,200,160,177
3871,199,168,168
3872,206,173,182
3873,224,185,181
3874,201,173,178
3875,217,206,220
3876,199,196,286
3877,274,244,261
3878,237,303,250
3879,202,184,195
3880,233,191,184
3881,250,209,218
3882,204,190,198
3883,211,170,173
3884,208,175,174
3885,245,238,223
3886,229,235,214
3887,347,236,240
3888,352,246,309
3889,254,261,261
3890,244,248,254
3891,234,218,202
3892,208,193,230
3893,234,279,258
3894,243,231,282
3895,241,221,208
3896,209,193,178
3897,203,168,175
3898,197,160,167
3899,200,164,171
3900,200,162,177
3901,196,197,231
3902,200,171,192
3903,200,157,174
3904,209,184,175
3905,206,189,181
3906,213,177,177
3907,197,156,167
3908,209,169,184
3909,193,194,183
3910,202,176,189
3911,195,158,181
3912,196,174,184
3913,206,191,182
3914,192,160,181
3915,206,173,198
3916,201,181,179
3917,202,170,209
3918,238,204,175
3919,212,183,176
3920,207,185,176
3921,205,164,176
3922,255,225,234
3923,272,272,271
3924,233,294,265
3925,238,215,199
3926,210,199,220
3927,223,177,178
3928,209,172,181
3929,203,167,187
3930,220,174,183
3931,196,187,190
3932,216,190,187
3933,229,207,200
3934,215,225,262
3935,220,204,193
3936,229,238,187
3937,255,207,225
3938,227,211,223
3939,214,177,189
3940,208,209,213
3941,207,180,186
3942,317,227,237
3943,248,220,205
3944,214,219,229
3945,219,183,201
3946,223,204,196
3947,203,203,190
3948,207,185,217
3949,244,231,245
3950,221,209,216
3951,224,190,225
3952,279,285,237
3953,226,193,193
3954,247,231,223
3955,216,233,215
3956,225,182,183
3957,212,182,186
3958,210,203,241
3959,220,183,223
3960,201,177,175
3961,217,192,221
3962,210,182,193
3963,206,181,208
3964,209,193,184
3965,217,192,189
3966,250,233,214
3967,230,164,192
3968,206,174,197
3969,218,175,190
3970,206,179,192
3971,192,200,191
3972,190,166,189
3973,262,203,242
3974,215,221,258
3975,219,186,211
3976,205,175,192
3977,206,174,181
3978,229,176,182
3979,213,173,172
3980,218,175,198
3981,206,176,202
3982,219,204,220
3983,253,240,225
3984,205,176,177
3985,204,183,183
3986,194,156,170
3987,207,208,196
3988,194,169,194
3989,209,173,217
3990,204,179,178
3991,206,197,193
3992,204,181,194
3993,221,186,208
3994,218,173,175
3995,216,193,216
3996,246,223,226
3997,216,174,204
3998,210,166,176
3999,207,170,171
4000,208,168,184
4001,202,161,172
4002,196,176,212
4003,216,159,165
4004,221,163,170
4005,192,168,179
4006,206,161,173
4007,210,181,177
4008,195,162,169
4009,201,173,182
4010,234,222,203
4011,195,167,167
4012,198,162,181
4013,202,160,176
4014,198,169,166
4015,186,159,166
4016,197,160,173
4017,205,160,166
4018,210,165,178
4019,190,164,172
4020,200,171,207
4021,189,153,164
4022,204,162,175
4023,206,161,178
4024,205,162,173
4025,200,157,172
4026,197,161,179
4027,199,155,179
4028,187,155,183
4029,204,190,197
4030,212,161,171
4031,223,169,165
4032,195,154,165
4033,214,188,186
4034,208,173,177
4035,203,160,171
4036,204,160,163
4037,192,170,172
4038,194,169,172
4039,198,162,176
4040,195,167,173
4041,202,157,168
4042,200,166,167
4043,197,166,174
4044,240,176,172
4045,199,158,163
4046,205,166,166
4047,206,161,166
4048,196,168,175
4049,208,158,183
4050,204,162,189
4051,206,169,185
4052,207,171,191
4053,194,184,179
4054,197,161,179
4055,198,157,174
4056,202,216,215
4057,192,162,171
4058,190,166,175
4059,206,159,166
4060,202,172,169
4061,191,173,170
4062,183,149,165
4063,195,167,191
4064,195,164,167
4065,193,169,174
4066,197,162,166
4067,196,170,177
4068,202,167,170
4069,218,169,178
4070,195,175,183
4071,199,165,174
4072,190,161,174
4073,212,173,168
4074,206,170,178
4075,216,175,176
4076,192,165,169
4077,199,169,171
4078,189,167,168
4079,225,208,177
4080,192,160,166
4081,213,191,184
4082,214,172,173
4083,201,170,175
4084,208,155,179
4085,212,183,172
4086,210,181,219
4087,199,196,202
4088,193,170,173
4089,202,193,191
4090,205,169,178
4091,214,163,181
4092,203,170,174
4093,201,160,205
4094,210,179,179
4095,210,182,171
4096,226,166,176
4097,199,170,169
4098,194,165,177
4099,192,165,165
4100,188,157,181
4101,194,156,167
4102,191,157,176
4103,192,151,165
4104,213,160,169
4105,193,155,179
4106,199,171,171
4107,188,163,169
4108,192,161,171
4109,197,162,167
4110,201,167,174
4111,197,175,189
4112,205,156,187
4113,210,186,175
4114,198,164,177
4115,193,162,170
4116,200,164,164
4117,193,162,169
4118,202,160,180
4119,205,161,168
4120,198,165,172
4121,203,155,159
4122,200,161,165
4123,208,157,207
4124,205,157,170
4125,224,163,169
4126,205,157,162
4127,191,160,169
4128,214,159,175
4129,202,157,169
4130,218,171,174
4131,190,155,168
4132,193,167,176
4133,187,166,171
4134,210,173,178
4135,190,155,168
4136,185,161,177
4137,214,171,174
4138,207,184,172
4139,230,169,174
4140,209,164,170
4141,201,159,169
4142,195,160,172
4143,194,153,170
4144,187,165,169
4145,203,156,165
4146,189,161,170
4147,186,163,166
4148,227,162,172
4149,213,188,170
4150,194,160,169
4151,194,151,164
4152,197,157,166
4153,199,180,172
4154,195,155,173
4155,224,170,161
4156,194,160,166
4157,196,162,169
4158,201,155,162
4159,195,155,164
4160,198,165,205
4161,199,151,164
4162,198,160,169
4163,196,170,182
4164,214,158,163
4165,199,161,162
4166,208,187,169
4167,200,160,171
4168,208,164,172
4169,199,163,181
4170,239,219,205
4171,232,202,216
4172,223,191,210
4173,201,181,203
4174,203,164,171
4175,198,192,212
4176,200,177,190
4177,196,164,180
4178,194,156,165
4179,193,167,178
4180,200,159,240
4181,245,202,197
4182,242,208,198
4183,190,161,164
4184,189,150,166
4185,193,161,168
4186,194,165,162
4187,196,161,158
4188,193,159,167
4189,186,154,164
4190,184,159,169
4191,208,162,167
4192,202,173,170
4193,198,169,160
4194,192,156,166
4195,187,168,178
4196,196,164,168
4197,227,167,161
4198,207,177,171
4199,189,174,179
4200,193,157,166
4201,187,166,171
4202,198,170,174
4203,198,168,167
4204,196,171,167
4205,211,166,192
4206,200,159,164
4207,213,167,176
4208,204,162,177
4209,184,155,161
4210,190,154,172
4211,197,153,164
4212,209,161,164
4213,211,181,184
4214,210,195,185
4215,208,162,162
4216,189,161,188
4217,204,160,176
4218,194,156,201
4219,195,163,164
4220,188,154,165
4221,189,163,182
4222,198,161,162
4223,199,159,172
4224,218,190,177
4225,200,188,225
4226,201,161,175
4227,196,178,176
4228,253,214,198
4229,199,173,187
4230,212,177,175
4231,201,195,220
4232,197,179,233
4233,206,163,188
4234,247,235,234
4235,220,206,212
4236,234,199,201
4237,204,172,173
4238,235,192,209
4239,218,200,231
4240,237,219,188
4241,218,173,174
4242,234,215,178
4243,196,167,181
4244,221,198,170
4245,225,180,188
4246,197,169,209
4247,216,173,197
4248,221,184,207
4249,198,171,185
4250,207,172,179
4251,189,191,177
4252,205,156,184
4253,220,170,166
4254,195,187,201
4255,197,158,195
4256,198,163,166
4257,191,192,174
4258,193,161,166
4259,206,160,167
4260,197,158,175
4261,234,186,165
4262,202,158,172
4263,204,160,177
4264,212,177,170
4265,195,160,177
4266,201,164,167
4267,208,157,157
4268,192,152,165
4269,221,186,175
4270,201,153,180
4271,204,162,173
4272,218,154,174
4273,188,190,179
4274,197,161,160
4275,190,161,192
4276,204,160,162
4277,212,165,169
4278,193,158,168
4279,212,166,164
4280,206,177,179
4281,207,157,168
4282,212,164,167
4283,200,172,183
4284,223,164,162
4285,194,169,184
4286,206,185,197
4287,205,160,166
4288,208,169,163
4289,191,156,185
4290,239,197,202
4291,232,182,186
4292,209,197,204
4293,191,160,182
4294,212,170,168
4295,243,185,226
4296,216,198,223
4297,205,177,196
4298,194,160,189
4299,198,154,171
4300,228,179,168
4301,212,179,204
4302,215,193,205
4303,227,190,184
4304,203,212,203
4305,233,169,205
4306,261,190,190
4307,233,187,186
4308,232,185,183
4309,206,178,200
4310,200,183,191
4311,214,173,177
4312,211,178,218
4313,203,162,166
4314,231,227,232
4315,240,227,253
4316,210,203,238
4317,211,190,235
4318,218,182,201
4319,205,179,188
4320,211,206,229
4321,220,196,208
4322,278,251,186
4323,234,214,235
4324,219,191,199
4325,211,208,247
4326,241,199,220
4327,231,222,235
4328,208,212,215
4329,229,187,214
4330,217,192,219
4331,223,196,191
4332,206,187,177
4333,215,173,186
4334,197,161,175
4335,211,209,175
4336,206,173,180
4337,200,168,175
4338,203,178,185
4339,206,168,187
4340,196,165,177
4341,206,161,158
4342,229,171,191
4343,211,166,173
4344,236,202,189
4345,212,158,187
4346,196,158,174
4347,217,167,170
4348,217,182,186
4349,207,167,168
4350,204,164,171
4351,206,164,187
4352,201,166,167
4353,206,195,174
4354,201,175,183
4355,213,165,172
4356,200,169,171
4357,188,158,171
4358,198,171,177
4359,200,160,186
4360,204,169,189
4361,197,167,166
4362,210,186,215
4363,206,171,172
4364,221,167,181
4365,198,180,198
4366,213,180,190
4367,215,187,211
4368,247,188,202
4369,205,166,194
4370,199,170,177
4371,296,232,199
4372,198,192,203
4373,208,195,168
4374,195,164,171
4375,215,200,210
4376,199,174,169
4377,201,164,171
4378,213,172,171
4379,247,193,171
4380,238,231,213
4381,228,210,199
4382,198,163,178
4383,210,180,170
4384,258,199,185
4385,210,177,174
4386,198,162,170
4387,232,158,179
4388,200,170,171
4389,199,198,175
4390,199,163,175
4391,213,171,169
4392,228,212,200
4393,222,204,196
4394,201,194,181
4395,207,245,240
4396,233,210,223
4397,223,205,217
4398,239,206,221
4399,225,198,182
4400,224,179,184
4401,198,177,181
4402,205,170,174
4403,208,191,183
4404,210,161,172
4405,197,165,165
4406,206,171,173
4407,193,160,182
4408,192,157,177
4409,216,162,174
4410,191,156,168
4411,192,158,168
4412,198,158,169
4413,217,189,196
4414,195,159,192
4415,194,161,168
4416,217,161,177
4417,200,161,173
4418,224,163,172
4419,197,197,190
4420,206,182,198
4421,258,267,230
4422,232,210,234
4423,207,184,206
4424,229,193,218
4425,206,184,206
4426,205,174,203
4427,213,206,194
4428,209,181,218
4429,242,222,220
4430,207,171,179
4431,198,169,182
4432,201,162,173
4433,192,163,175
4434,202,195,182
4435,199,171,188
4436,194,162,173
4437,197,164,171
4438,209,163,172
4439,205,169,205
4440,188,163,178
4441,207,152,165
4442,213,169,203
4443,202,225,190
4444,196,190,185
4445,211,170,173
4446,227,187,190
4447,197,166,179
4448,189,170,189
4449,203,176,171
4450,214,180,182
4451,200,166,168
4452,212,185,174
4453,197,168,204
4454,193,168,169
4455,199,156,202
4456,202,197,188
4457,218,209,171
4458,210,167,169
4459,231,167,160
4460,218,190,174
4461,210,161,189
4462,205,165,168
4463,207,170,166
4464,195,192,180
4465,200,173,193
4466,195,169,171
4467,206,167,163
4468,232,222,200
4469,219,194,179
4470,209,178,184
4471,194,165,217
4472,197,167,192
4473,200,176,175
4474,203,157,172
4475,215,162,177
4476,201,162,186
4477,195,173,183
4478,200,175,174
4479,222,193,234
4480,199,179,173
4481,207,173,187
4482,208,183,174
4483,205,180,182
4484,215,159,168
4485,198,176,183
4486,198,157,183
4487,208,151,162
4488,187,157,165
4489,210,166,197
4490,220,187,211
4491,201,181,202
4492,212,165,169
4493,187,154,170
4494,198,161,165
4495,202,199,180
4496,209,164,189
4497,207,172,188
4498,202,164,173
4499,206,175,177
4500,195,176,197
4501,194,160,171
4502,198,158,177
4503,217,162,173
4504,209,160,177
4505,205,156,168
4506,217,159,172
4507,197,162,164
4508,210,182,164
4509,190,162,184
4510,211,186,181
4511,199,159,179
4512,195,160,168
4513,207,222,182
4514,198,164,182
4515,204,160,169
4516,205,156,172
4517,191,159,193
4518,223,179,180
4519,204,199,192
4520,199,161,195
4521,211,174,203
4522,201,154,174
4523,195,166,171
4524,208,165,160
4525,212,214,202
4526,211,195,196
4527,200,167,171
4528,205,162,168
4529,200,155,172
4530,196,159,166
4531,189,157,174
4532,201,158,165
4533,188,165,168
4534,207,159,173
4535,194,173,180
4536,210,159,163
4537,201,168,170
4538,197,161,165
4539,221,178,171
4540,203,180,183
4541,192,153,166
4542,207,161,171
4543,199,173,199
4544,186,156,168
4545,210,192,179
4546,200,159,163
4547,193,170,200
4548,194,164,190
4549,194,159,169
4550,188,159,170
4551,228,177,186
4552,207,156,168
4553,192,164,161
4554,208,164,170
4555,195,173,166
4556,195,160,191
4557,250,199,179
4558,194,160,192
4559,201,156,178
4560,197,167,183
4561,205,162,198
4562,198,236,187
4563,206,172,208
4564,214,157,178
4565,193,156,170
4566,213,162,170
4567,206,165,181
4568,212,202,209
4569,203,160,182
4570,194,163,188
4571,186,157,158
4572,187,156,173
4573,206,182,184
4574,191,159,161
4575,204,152,169
4576,202,175,166
4577,188,157,168
4578,189,160,172
4579,202,159,198
4580,199,160,163
4581,206,161,167
4582,198,164,162
4583,212,169,164
4584,216,184,188
4585,190,151,164
4586,190,170,192
4587,204,183,192
4588,189,159,175
4589,205,170,182
4590,210,186,205
4591,228,203,175
4592,213,186,180
4593,204,159,164
4594,216,188,188
4595,209,200,183
4596,205,161,174
4597,201,161,176
4598,214,186,191
4599,196,162,170
4600,209,162,165
4601,202,169,170
4602,222,184,174
4603,220,213,188
4604,196,167,205
4605,201,162,170
4606,189,155,181
4607,211,156,167
4608,195,172,172
4609,200,164,168
4610,203,168,168
4611,193,159,163
4612,195,158,165
4613,197,156,177
4614,200,157,158
4615,215,179,172
4616,213,176,168
4617,213,190,177
4618,200,167,169
4619,208,184,169
4620,213,175,161
4621,202,160,189
4622,193,165,189
4623,207,179,164
4624,205,158,175
4625,224,190,176
4626,198,161,165
4627,187,159,171
4628,201,179,218
4629,220,168,196
4630,197,178,210
4631,208,172,181
4632,195,165,177
4633,208,214,169
4634,210,169,169
4635,200,176,174
4636,206,183,171
4637,207,176,180
4638,228,216,219
4639,205,190,201
4640,195,159,171
4641,208,181,175
4642,193,191,197
4643,200,160,173
4644,210,184,166
4645,215,169,174
4646,202,162,215
4647,204,191,177
4648,196,175,183
4649,200,166,168
4650,195,169,167
4651,196,166,173
4652,192,156,169
4653,192,173,178
4654,209,185,257
4655,196,160,168
4656,209,168,175
4657,204,151,178
4658,191,163,167
4659,235,168,183
4660,196,156,168
4661,194,157,166
4662,189,160,178
4663,188,160,167
4664,191,155,164
4665,191,157,165
4666,202,160,164
4667,200,158,165
4668,230,164,173
4669,209,172,169
4670,200,159,171
4671,187,168,177
4672,193,166,175
4673,196,176,168
4674,190,161,166
4675,210,164,166
4676,195,266,262
4677,192,178,187
4678,197,173,183
4679,215,177,176
4680,216,175,187
4681,198,176,181
4682,194,161,171
4683,199,165,167
4684,190,169,172
4685,200,166,172
4686,193,167,177
4687,209,178,215
4688,212,178,173
4689,201,182,179
4690,229,184,194
4691,191,163,179
4692,197,162,164
4693,183,159,176
4694,189,188,172
4695,208,163,166
4696,208,164,165
4697,200,158,161
4698,194,154,175
4699,199,154,166
4700,195,149,162
4701,217,211,216
4702,193,165,175
4703,185,156,167
4704,217,160,167
4705,208,186,188
4706,188,163,163
4707,191,163,180
4708,206,174,172
4709,204,168,170
4710,196,162,168
4711,202,163,158
4712,208,159,178
4713,207,165,167
4714,202,165,172
4715,208,168,162
4716,206,165,170
4717,207,160,177
4718,205,184,188
4719,195,155,164
4720,195,154,199
4721,223,183,179
4722,221,197,171
4723,195,173,179
4724,222,174,181
4725,204,167,175
4726,192,169,163
4727,212,165,174
4728,199,156,168
4729,206,160,186
4730,193,156,159
4731,204,171,184
4732,198,159,175
4733,193,158,164
4734,198,176,196
4735,204,196,203
4736,200,217,202
4737,199,160,158
4738,194,158,164
4739,210,161,170
4740,209,161,185
4741,207,169,170
4742,198,202,196
4743,206,168,167
4744,198,158,161
4745,193,162,163
4746,202,161,191
4747,203,170,162
4748,192,166,180
4749,201,167,171
4750,198,161,183
4751,243,192,189
4752,219,207,173
4753,202,167,180
4754,199,169,176
4755,201,175,176
4756,225,166,167
4757,195,168,174
4758,206,159,159
4759,194,163,159
4760,210,173,177
4761,233,208,190
4762,202,153,170
4763,203,162,165
4764,206,178,169
4765,205,167,184
4766,195,198,185
4767,194,169,179
4768,207,164,165
4769,194,157,172
4770,210,163,164
4771,201,164,166
4772,188,155,175
4773,199,166,185
4774,192,162,159
4775,194,165,161
4776,197,159,169
4777,185,160,167
4778,205,218,189
4779,199,172,165
4780,209,174,177
4781,196,165,165
4782,198,162,201
4783,194,155,156
4784,207,165,221
4785,186,168,171
4786,228,191,184
4787,204,222,192
4788,194,159,181
4789,195,165,170
4790,209,200,171
4791,224,190,170
4792,202,166,163
4793,212,186,169
4794,210,178,189
4795,191,165,180
4796,199,159,185
4797,206,169,206
4798,214,168,178
4799,200,155,177
4800,204,168,162
4801,199,159,173
4802,198,160,173
4803,215,187,189
4804,197,165,163
4805,203,167,166
4806,189,164,183
4807,195,164,166
4808,194,189,163
4809,194,161,164
4810,189,166,182
4811,201,166,174
4812,201,174,181
4813,191,162,172
4814,188,170,164
4815,220,177,170
4816,206,201,196
4817,203,195,176
4818,198,157,175
4819,190,163,172
4820,221,183,181
4821,195,168,168
4822,198,153,191
4823,193,160,184
4824,202,173,189
4825,209,195,183
4826,212,189,184
4827,202,168,175
4828,199,163,169
4829,203,176,177
4830,195,163,178
4831,199,157,164
4832,217,169,180
4833,191,164,174
4834,196,155,189
4835,193,153,168
4836,194,178,162
4837,208,159,200
4838,214,207,178
4839,207,159,181
4840,201,204,178
4841,193,157,168
4842,214,165,221
4843,197,154,163
4844,197,160,164
4845,200,164,188
4846,206,180,179
4847,193,158,190
4848,193,159,181
4849,192,159,161
4850,193,165,168
4851,195,164,157
4852,183,152,180
4853,205,159,178
4854,214,185,195
4855,196,158,178
4856,206,169,179
4857,196,162,163
4858,208,158,165
4859,196,159,193
4860,210,181,182
4861,194,190,187
4862,225,164,161
4863,195,194,177
4864,193,153,185
4865,201,155,166
4866,191,157,174
4867,205,170,179
4868,199,165,178
4869,189,153,163
4870,213,181,181
4871,192,169,181
4872,196,172,173
4873,216,169,180
4874,202,169,175
4875,193,160,170
4876,206,164,185
4877,230,195,165
4878,202,167,184
4879,203,184,183
4880,200,159,180
4881,201,154,173
4882,200,161,212
4883,225,202,192
4884,201,162,182
4885,217,162,168
4886,210,163,168
4887,219,179,193
4888,196,200,186
4889,201,170,171
4890,206,163,177
4891,191,158,163
4892,188,159,174
4893,207,188,199
4894,195,158,182
4895,199,176,189
4896,201,185,169
4897,215,168,176
4898,201,168,165
4899,190,162,180
4900,236,200,173
4901,193,161,159
4902,199,208,195
4903,207,169,206
4904,197,182,177
4905,210,166,159
4906,192,158,168
4907,204,172,176
4908,201,160,220
4909,193,159,160
4910,236,202,204
4911,203,179,168
4912,193,172,169
4913,194,168,166
4914,196,184,215
4915,193,163,172
4916,196,161,172
4917,193,163,169
4918,206,170,166
4919,195,154,165
4920,217,156,168
4921,196,179,198
4922,215,185,181
4923,206,168,177
4924,206,165,175
4925,218,182,165
4926,220,169,174
4927,198,196,174
4928,210,177,175
4929,218,169,160
4930,210,159,189
4931,198,158,172
4932,197,195,217
4933,191,161,166
4934,207,176,229
4935,186,156,169
4936,194,186,190
4937,202,180,178
4938,217,153,170
4939,191,153,176
4940,192,157,164
4941,197,171,178
4942,202,185,186
4943,195,213,206
4944,211,155,172
4945,212,173,173
4946,192,158,175
4947,199,155,157
4948,194,189,207
4949,208,165,166
4950,197,149,167
4951,213,172,188
4952,207,173,207
4953,235,223,198
4954,220,184,209
4955,197,169,168
4956,198,159,166
4957,205,166,169
4958,200,161,174
4959,204,198,188
4960,199,164,174
4961,192,159,162
4962,204,163,179
4963,211,172,212
4964,203,159,171
4965,196,172,164
4966,197,171,187
4967,194,161,167
4968,202,194,177
4969,194,161,171
4970,204,210,184
4971,200,167,166
4972,197,156,160
4973,235,161,165
4974,179,157,158
4975,192,165,171
4976,205,174,165
4977,224,207,209
4978,223,187,186
4979,207,179,180
4980,231,225,240
4981,229,218,215
4982,204,182,211
4983,214,214,237
4984,216,216,220
4985,238,214,213
4986,257,220,218
4987,209,183,191
4988,207,187,200
4989,207,173,193
4990,231,193,214
4991,201,178,205
4992,214,204,197
4993,198,182,180
4994,214,195,191
4995,220,200,205
4996,204,184,188
4997,244,187,194
4998,224,204,202
4999,216,209,199
5000,213,176,196
