order,avg length,B_time,BPlus_time,BStar_time
3,168877,84,58,73
4,168877,101,37,72
5,168877,55,23,40
6,168877,39,19,38
7,168877,43,24,28
8,168877,32,22,26
9,168877,31,21,24
10,168877,25,19,20
11,168877,22,14,19
12,168877,20,14,17
13,168877,18,13,15
14,168877,17,11,14
15,168877,15,10,13
16,168877,15,10,13
17,168877,14,10,12
18,168877,13,10,12
19,168877,13,9,11
20,168877,13,9,11
21,168877,13,9,11
22,168877,13,9,12
23,168877,12,8,10
24,168877,12,8,10
25,168877,11,8,10
26,168877,11,8,9
27,168877,11,8,9
28,168877,11,8,9
29,168877,10,7,9
30,168877,10,8,9
31,168877,10,7,9
32,168877,8,6,8
33,168877,8,6,9
34,168877,9,6,8
35,168877,8,6,8
36,168877,8,7,8
37,168877,8,6,8
38,168877,8,6,8
39,168877,8,6,8
40,168877,8,6,8
41,168877,8,6,8
42,168877,8,6,7
43,168877,8,6,8
44,168877,8,6,7
45,168877,8,6,7
46,168877,7,6,7
47,168877,7,6,7
48,168877,7,6,7
49,168877,8,6,7
50,168877,8,6,7
51,168877,8,6,7
52,168877,7,6,7
53,168877,7,6,7
54,168877,7,6,7
55,168877,7,6,7
56,168877,7,6,7
57,168877,7,6,7
58,168877,7,5,7
59,168877,7,6,7
60,168877,7,6,7
61,168877,7,6,7
62,168877,7,5,7
63,168877,7,6,7
64,168877,7,6,7
65,168877,7,6,7
66,168877,7,6,7
67,168877,7,6,7
68,168877,7,5,7
69,168877,7,6,7
70,168877,7,5,7
71,168877,7,6,7
72,168877,7,6,6
73,168877,7,6,7
74,168877,7,6,7
75,168877,7,6,7
76,168877,7,6,7
77,168877,7,6,7
78,168877,7,6,7
79,168877,7,5,7
80,168877,7,5,7
81,168877,7,5,7
82,168877,7,5,6
83,168877,7,6,6
84,168877,7,6,6
85,168877,7,6,6
86,168877,7,6,7
87,168877,7,5,7
88,168877,7,5,7
89,168877,6,6,7
90,168877,7,5,6
91,168877,6,5,6
92,168877,7,5,6
93,168877,7,5,6
94,168877,7,5,6
95,168877,7,6,6
96,168877,7,5,6
97,168877,6,5,6
98,168877,6,5,6
99,168877,6,5,6
100,168877,7,5,6
101,168877,7,5,6
102,168877,7,5,6
103,168877,7,5,6
104,168877,7,6,7
105,168877,6,5,6
106,168877,6,5,6
107,168877,6,5,6
108,168877,6,5,6
109,168877,6,5,6
110,168877,6,5,6
111,168877,7,5,6
112,168877,6,5,6
113,168877,6,6,6
114,168877,6,5,6
115,168877,6,5,6
116,168877,7,5,6
117,168877,6,5,6
118,168877,7,5,6
119,168877,6,5,6
120,168877,6,5,6
121,168877,6,5,6
122,168877,6,5,6
123,168877,6,5,6
124,168877,7,5,6
125,168877,6,5,6
126,168877,6,5,6
127,168877,6,5,6
128,168877,6,5,7
129,168877,7,5,6
130,168877,7,5,6
131,168877,7,5,6
132,168877,7,5,6
133,168877,6,5,6
134,168877,6,5,6
135,168877,6,5,6
136,168877,6,5,6
137,168877,6,5,6
138,168877,6,5,7
139,168877,6,5,6
140,168877,6,5,6
141,168877,6,5,6
142,168877,6,5,6
143,168877,6,5,6
144,168877,6,5,6
145,168877,6,5,6
146,168877,7,5,6
147,168877,6,5,7
148,168877,6,6,7
149,168877,7,6,7
150,168877,7,6,6
151,168877,6,6,7
152,168877,6,5,6
153,168877,6,5,7
154,168877,7,5,6
155,168877,7,5,6
156,168877,6,5,6
157,168877,6,5,7
158,168877,6,5,6
159,168877,6,5,6
160,168877,6,5,6
161,168877,7,5,6
162,168877,6,5,6
163,168877,6,5,6
164,168877,6,5,6
165,168877,6,5,6
166,168877,6,5,6
167,168877,6,5,6
168,168877,6,5,6
169,168877,6,5,6
170,168877,6,5,6
171,168877,6,5,6
172,168877,6,5,6
173,168877,6,5,6
174,168877,6,5,6
175,168877,6,6,6
176,168877,6,5,6
177,168877,6,5,6
178,168877,6,5,6
179,168877,6,5,6
180,168877,6,5,6
181,168877,6,5,6
182,168877,6,5,6
183,168877,6,5,6
184,168877,6,5,6
185,168877,6,5,6
186,168877,6,5,6
187,168877,6,5,6
188,168877,6,5,6
189,168877,6,5,6
190,168877,6,5,6
191,168877,6,5,6
192,168877,6,5,6
193,168877,6,5,6
194,168877,6,5,6
195,168877,6,5,6
196,168877,6,5,6
197,168877,6,5,6
198,168877,6,5,6
199,168877,6,5,6
200,168877,6,5,6
201,168877,6,5,6
202,168877,6,5,6
203,168877,6,5,6
204,168877,6,5,6
205,168877,6,5,6
206,168877,6,5,6
207,168877,6,5,6
208,168877,6,5,6
209,168877,6,5,6
210,168877,6,5,6
211,168877,6,5,6
212,168877,6,5,6
213,168877,6,5,6
214,168877,6,5,6
215,168877,6,5,6
216,168877,6,5,6
217,168877,6,5,6
218,168877,6,5,6
219,168877,6,5,6
220,168877,6,5,6
221,168877,6,5,6
222,168877,6,5,6
223,168877,6,5,6
224,168877,6,5,6
225,168877,6,5,6
226,168877,6,5,6
227,168877,6,5,6
228,168877,6,5,6
229,168877,6,5,6
230,168877,6,5,6
231,168877,6,5,6
232,168877,6,5,6
233,168877,6,5,6
234,168877,6,5,6
235,168877,6,5,6
236,168877,6,5,6
237,168877,6,5,6
238,168877,6,5,6
239,168877,6,5,6
240,168877,6,5,6
241,168877,6,5,6
242,168877,6,5,6
243,168877,6,5,6
244,168877,6,5,6
245,168877,6,5,6
246,168877,6,5,6
247,168877,6,5,6
248,168877,6,5,6
249,168877,6,5,6
250,168877,6,5,6
251,168877,6,5,6
252,168877,6,5,6
253,168877,6,5,6
254,168877,6,5,6
255,168877,6,5,6
256,168877,6,5,6
257,168877,6,5,6
258,168877,6,5,6
259,168877,6,5,6
260,168877,6,5,6
261,168877,6,5,6
262,168877,6,5,6
263,168877,6,5,6
264,168877,6,5,6
265,168877,6,5,6
266,168877,6,5,6
267,168877,6,5,6
268,168877,6,5,6
269,168877,6,5,6
270,168877,6,5,6
271,168877,6,5,6
272,168877,6,5,6
273,168877,6,5,6
274,168877,6,5,6
275,168877,6,5,6
276,168877,6,5,6
277,168877,6,5,6
278,168877,6,5,6
279,168877,6,5,6
280,168877,6,5,6
281,168877,6,5,6
282,168877,6,5,6
283,168877,6,5,6
284,168877,6,5,6
285,168877,6,5,6
286,168877,6,5,6
287,168877,6,5,6
288,168877,6,5,6
289,168877,6,5,6
290,168877,6,5,6
291,168877,6,5,6
292,168877,6,5,6
293,168877,6,5,6
294,168877,6,5,6
295,168877,6,5,6
296,168877,6,5,6
297,168877,6,5,6
298,168877,6,5,6
299,168877,6,5,6
300,168877,6,5,6
301,168877,6,5,6
302,168877,6,5,6
303,168877,6,5,6
304,168877,6,5,6
305,168877,6,5,6
306,168877,6,5,6
307,168877,6,5,6
308,168877,6,5,6
309,168877,6,5,6
310,168877,6,5,6
311,168877,6,5,6
312,168877,6,5,6
313,168877,6,5,6
314,168877,6,5,6
315,168877,6,5,6
316,168877,6,5,6
317,168877,6,5,6
318,168877,6,5,6
319,168877,6,5,6
320,168877,6,5,6
321,168877,6,5,6
322,168877,6,5,6
323,168877,6,5,6
324,168877,6,5,6
325,168877,6,5,6
326,168877,6,5,6
327,168877,6,5,6
328,168877,6,5,6
329,168877,6,5,6
330,168877,6,5,6
331,168877,6,5,6
332,168877,6,5,6
333,168877,6,5,6
334,168877,6,5,6
335,168877,6,5,6
336,168877,6,5,6
337,168877,6,5,6
338,168877,6,5,6
339,168877,6,5,6
340,168877,6,5,6
341,168877,6,5,6
342,168877,6,5,6
343,168877,6,5,6
344,168877,6,5,6
345,168877,6,5,6
346,168877,6,5,6
347,168877,6,5,6
348,168877,7,6,6
349,168877,6,5,6
350,168877,6,5,6
351,168877,6,5,6
352,168877,6,5,6
353,168877,6,5,6
354,168877,6,5,6
355,168877,6,5,6
356,168877,6,5,6
357,168877,6,5,6
358,168877,6,5,6
359,168877,6,5,6
360,168877,6,5,6
361,168877,6,5,6
362,168877,6,5,6
363,168877,6,5,6
364,168877,6,5,6
365,168877,6,5,6
366,168877,6,5,6
367,168877,6,5,6
368,168877,6,5,6
369,168877,6,5,6
370,168877,6,5,6
371,168877,6,5,6
372,168877,6,5,6
373,168877,6,5,6
374,168877,6,5,6
375,168877,6,5,6
376,168877,6,5,6
377,168877,6,5,6
378,168877,6,5,6
379,168877,6,5,6
380,168877,6,5,6
381,168877,6,5,6
382,168877,6,5,6
383,168877,6,5,6
384,168877,6,5,6
385,168877,6,5,6
386,168877,6,5,6
387,168877,6,5,6
388,168877,6,5,6
389,168877,6,5,6
390,168877,6,5,6
391,168877,6,5,6
392,168877,6,5,6
393,168877,6,5,6
394,168877,6,5,6
395,168877,6,5,6
396,168877,6,5,6
397,168877,6,5,6
398,168877,6,5,6
399,168877,6,5,6
400,168877,6,5,6
401,168877,6,5,6
402,168877,6,5,6
403,168877,6,5,6
404,168877,6,5,6
405,168877,6,5,6
406,168877,6,6,6
407,168877,6,5,6
408,168877,6,5,6
409,168877,6,5,6
410,168877,6,5,6
411,168877,6,5,6
412,168877,6,5,6
413,168877,6,5,6
414,168877,6,5,6
415,168877,6,5,6
416,168877,6,5,6
417,168877,6,5,6
418,168877,6,5,6
419,168877,6,5,6
420,168877,6,5,6
421,168877,6,5,6
422,168877,6,5,6
423,168877,6,5,6
424,168877,6,5,6
425,168877,6,5,6
426,168877,6,5,6
427,168877,6,5,6
428,168877,6,5,6
429,168877,6,5,6
430,168877,6,5,6
431,168877,6,5,6
432,168877,6,5,6
433,168877,6,5,6
434,168877,6,5,6
435,168877,6,5,6
436,168877,6,5,6
437,168877,6,5,6
438,168877,6,5,6
439,168877,6,5,6
440,168877,6,5,6
441,168877,6,5,6
442,168877,6,5,6
443,168877,6,5,6
444,168877,6,5,6
445,168877,6,5,6
446,168877,6,5,6
447,168877,6,5,6
448,168877,6,5,6
449,168877,6,5,6
450,168877,6,5,6
451,168877,6,5,6
452,168877,6,5,6
453,168877,6,5,6
454,168877,6,5,6
455,168877,6,5,6
456,168877,6,5,6
457,168877,6,5,6
458,168877,6,5,6
459,168877,6,5,6
460,168877,6,5,6
461,168877,6,5,6
462,168877,6,5,6
463,168877,6,5,6
464,168877,6,5,6
465,168877,6,5,6
466,168877,6,5,6
467,168877,6,5,6
468,168877,6,5,6
469,168877,6,5,6
470,168877,6,5,6
471,168877,6,5,6
472,168877,6,5,6
473,168877,6,5,6
474,168877,6,5,6
475,168877,6,5,6
476,168877,6,5,6
477,168877,6,5,6
478,168877,6,5,6
479,168877,6,5,6
480,168877,6,5,6
481,168877,6,5,6
482,168877,6,5,6
483,168877,6,5,6
484,168877,6,5,6
485,168877,6,5,6
486,168877,6,5,6
487,168877,6,5,6
488,168877,6,5,6
489,168877,6,5,6
490,168877,6,5,6
491,168877,6,5,6
492,168877,6,5,6
493,168877,6,5,6
494,168877,6,5,6
495,168877,6,5,6
496,168877,6,5,6
497,168877,6,5,6
498,168877,6,5,6
499,168877,6,5,6
500,168877,6,5,6
501,168877,6,5,6
502,168877,6,5,6
503,168877,6,5,6
504,168877,6,5,6
505,168877,6,5,6
506,168877,6,5,6
507,168877,6,5,6
508,168877,6,5,6
509,168877,6,5,6
510,168877,6,5,6
511,168877,6,5,6
512,168877,6,5,6
513,168877,6,5,6
514,168877,6,5,6
515,168877,6,5,6
516,168877,6,5,6
517,168877,6,5,6
518,168877,6,5,6
519,168877,6,5,6
520,168877,6,5,6
521,168877,6,5,6
522,168877,6,5,6
523,168877,6,5,6
524,168877,6,5,6
525,168877,6,5,6
526,168877,6,5,6
527,168877,6,5,6
528,168877,6,5,6
529,168877,6,5,6
530,168877,6,5,6
531,168877,6,5,6
532,168877,6,5,6
533,168877,6,5,6
534,168877,6,5,6
535,168877,6,5,6
536,168877,6,5,6
537,168877,6,5,6
538,168877,6,5,6
539,168877,6,5,6
540,168877,6,5,6
541,168877,6,5,6
542,168877,6,5,6
543,168877,6,5,6
544,168877,6,5,6
545,168877,6,5,6
546,168877,6,5,6
547,168877,6,5,6
548,168877,6,5,6
549,168877,6,5,6
550,168877,6,5,6
551,168877,6,5,6
552,168877,6,5,6
553,168877,6,5,6
554,168877,6,5,6
555,168877,6,5,6
556,168877,6,5,6
557,168877,6,5,6
558,168877,6,5,6
559,168877,6,5,6
560,168877,6,5,6
561,168877,6,5,6
562,168877,6,5,6
563,168877,6,5,6
564,168877,6,5,6
565,168877,6,5,6
566,168877,6,5,6
567,168877,6,5,6
568,168877,6,5,6
569,168877,6,5,6
570,168877,6,5,6
571,168877,6,5,6
572,168877,6,5,6
573,168877,6,5,6
574,168877,6,5,6
575,168877,6,5,6
576,168877,6,5,6
577,168877,6,5,6
578,168877,6,5,6
579,168877,6,5,6
580,168877,6,5,6
581,168877,6,5,6
582,168877,6,5,6
583,168877,6,5,6
584,168877,6,5,6
585,168877,6,5,6
586,168877,6,5,6
587,168877,6,5,6
588,168877,6,5,6
589,168877,6,5,6
590,168877,6,5,6
591,168877,6,6,6
592,168877,6,5,6
593,168877,6,5,6
594,168877,6,5,6
595,168877,6,5,6
596,168877,6,5,6
597,168877,6,5,6
598,168877,6,5,6
599,168877,6,5,6
600,168877,6,5,6
601,168877,6,5,6
602,168877,6,5,6
603,168877,6,5,6
604,168877,6,5,6
605,168877,6,5,6
606,168877,6,5,6
607,168877,6,5,6
608,168877,6,5,6
609,168877,6,5,6
610,168877,6,5,6
611,168877,6,5,6
612,168877,6,5,6
613,168877,6,5,6
614,168877,6,5,6
615,168877,6,5,6
616,168877,6,5,6
617,168877,6,5,6
618,168877,6,5,6
619,168877,6,5,6
620,168877,6,5,6
621,168877,6,5,6
622,168877,6,5,6
623,168877,6,5,6
624,168877,6,5,6
625,168877,6,6,6
626,168877,6,5,6
627,168877,6,5,6
628,168877,6,5,6
629,168877,6,5,6
630,168877,6,5,6
631,168877,6,5,6
632,168877,6,5,6
633,168877,6,5,6
634,168877,6,5,6
635,168877,6,5,6
636,168877,6,5,6
637,168877,6,5,6
638,168877,6,5,6
639,168877,6,5,6
640,168877,6,5,6
641,168877,6,5,6
642,168877,6,5,6
643,168877,6,5,6
644,168877,6,6,6
645,168877,6,5,6
646,168877,6,5,6
647,168877,6,5,6
648,168877,6,5,6
649,168877,6,5,6
650,168877,6,5,6
651,168877,6,5,6
652,168877,6,5,6
653,168877,6,5,6
654,168877,6,5,6
655,168877,6,5,6
656,168877,6,5,6
657,168877,6,5,6
658,168877,6,5,6
659,168877,6,5,6
660,168877,6,5,6
661,168877,6,5,6
662,168877,6,5,6
663,168877,6,5,6
664,168877,6,5,6
665,168877,6,5,6
666,168877,6,5,6
667,168877,6,6,6
668,168877,6,5,6
669,168877,6,5,6
670,168877,6,5,6
671,168877,6,5,6
672,168877,6,5,6
673,168877,6,5,6
674,168877,6,5,6
675,168877,6,5,6
676,168877,6,5,6
677,168877,6,5,6
678,168877,6,5,6
679,168877,6,5,6
680,168877,6,5,6
681,168877,6,5,6
682,168877,6,5,6
683,168877,6,5,6
684,168877,6,5,6
685,168877,6,5,6
686,168877,6,5,6
687,168877,6,5,6
688,168877,6,5,6
689,168877,6,5,6
690,168877,6,5,6
691,168877,6,5,6
692,168877,6,5,6
693,168877,6,5,6
694,168877,6,5,6
695,168877,6,5,6
696,168877,6,5,6
697,168877,6,5,6
698,168877,6,5,6
699,168877,6,5,6
700,168877,6,5,6
701,168877,6,5,6
702,168877,6,5,6
703,168877,6,5,6
704,168877,6,5,6
705,168877,6,5,6
706,168877,6,5,6
707,168877,6,5,6
708,168877,6,5,6
709,168877,6,5,6
710,168877,6,5,6
711,168877,6,5,6
712,168877,6,5,6
713,168877,6,5,6
714,168877,6,5,6
715,168877,6,5,6
716,168877,6,5,6
717,168877,6,5,6
718,168877,6,5,6
719,168877,6,5,6
720,168877,6,5,6
721,168877,6,5,6
722,168877,6,5,6
723,168877,6,5,6
724,168877,6,5,6
725,168877,6,5,6
726,168877,6,5,6
727,168877,6,5,6
728,168877,6,5,6
729,168877,6,5,6
730,168877,6,5,6
731,168877,6,5,6
732,168877,6,5,6
733,168877,6,5,6
734,168877,6,5,6
735,168877,6,5,6
736,168877,6,5,6
737,168877,6,5,6
738,168877,6,5,6
739,168877,6,5,6
740,168877,6,5,6
741,168877,6,5,6
742,168877,6,5,6
743,168877,6,5,6
744,168877,6,5,6
745,168877,6,5,6
746,168877,6,5,6
747,168877,6,5,6
748,168877,6,5,6
749,168877,6,5,6
750,168877,6,5,6
751,168877,6,5,6
752,168877,6,5,6
753,168877,6,5,6
754,168877,6,5,6
755,168877,6,5,6
756,168877,6,5,6
757,168877,6,5,6
758,168877,6,5,6
759,168877,6,5,6
760,168877,6,5,6
761,168877,6,5,6
762,168877,6,5,6
763,168877,6,5,6
764,168877,6,5,6
765,168877,6,5,6
766,168877,6,5,6
767,168877,6,5,6
768,168877,6,5,6
769,168877,6,5,6
770,168877,6,5,6
771,168877,6,5,6
772,168877,6,5,6
773,168877,6,5,6
774,168877,6,5,6
775,168877,6,5,6
776,168877,6,5,6
777,168877,6,5,6
778,168877,6,5,6
779,168877,6,5,6
780,168877,6,5,6
781,168877,6,5,6
782,168877,6,5,6
783,168877,6,5,6
784,168877,6,5,6
785,168877,6,5,6
786,168877,6,5,6
787,168877,6,5,6
788,168877,6,5,6
789,168877,6,5,6
790,168877,6,5,6
791,168877,6,5,6
792,168877,6,5,6
793,168877,6,5,6
794,168877,6,5,6
795,168877,6,5,6
796,168877,6,5,6
797,168877,6,5,6
798,168877,6,5,6
799,168877,6,5,6
800,168877,6,5,6
801,168877,6,5,6
802,168877,6,5,6
803,168877,6,5,6
804,168877,6,5,6
805,168877,6,5,6
806,168877,6,5,6
807,168877,6,5,6
808,168877,6,5,6
809,168877,6,5,6
810,168877,6,5,6
811,168877,6,5,6
812,168877,6,5,6
813,168877,6,5,6
814,168877,6,5,6
815,168877,6,5,6
816,168877,6,5,6
817,168877,6,5,6
818,168877,6,5,6
819,168877,6,5,6
820,168877,6,5,6
821,168877,6,5,6
822,168877,6,5,6
823,168877,6,5,6
824,168877,6,5,6
825,168877,6,5,6
826,168877,6,5,6
827,168877,6,5,6
828,168877,6,5,6
829,168877,6,5,6
830,168877,6,5,6
831,168877,6,5,6
832,168877,6,5,6
833,168877,6,5,6
834,168877,6,5,6
835,168877,6,5,6
836,168877,6,5,6
837,168877,6,5,6
838,168877,6,5,6
839,168877,6,5,6
840,168877,6,5,6
841,168877,6,5,6
842,168877,6,5,6
843,168877,6,5,6
844,168877,6,5,6
845,168877,6,5,6
846,168877,6,5,6
847,168877,6,5,6
848,168877,6,5,6
849,168877,6,5,6
850,168877,6,5,6
851,168877,6,5,6
852,168877,6,5,6
853,168877,6,5,6
854,168877,6,5,6
855,168877,6,5,6
856,168877,6,5,6
857,168877,6,5,6
858,168877,6,5,6
859,168877,6,5,6
860,168877,6,5,6
861,168877,6,5,6
862,168877,6,5,6
863,168877,6,5,6
864,168877,6,5,6
865,168877,6,5,6
866,168877,6,5,6
867,168877,6,5,6
868,168877,6,5,6
869,168877,6,5,6
870,168877,6,5,6
871,168877,6,5,6
872,168877,6,5,5
873,168877,6,5,6
874,168877,6,5,6
875,168877,6,5,6
876,168877,6,5,6
877,168877,6,5,6
878,168877,6,5,6
879,168877,6,5,6
880,168877,6,5,5
881,168877,6,5,6
882,168877,6,5,6
883,168877,6,5,6
884,168877,6,5,6
885,168877,6,5,6
886,168877,6,5,6
887,168877,6,5,6
888,168877,6,5,6
889,168877,6,5,6
890,168877,6,5,5
891,168877,6,5,6
892,168877,6,5,6
893,168877,6,5,6
894,168877,6,5,6
895,168877,6,5,6
896,168877,6,5,6
897,168877,6,5,6
898,168877,6,5,6
899,168877,6,5,6
900,168877,6,5,6
901,168877,6,5,6
902,168877,6,5,6
903,168877,6,5,6
904,168877,6,5,6
905,168877,6,5,6
906,168877,6,5,6
907,168877,6,5,6
908,168877,6,5,6
909,168877,6,5,6
910,168877,6,5,6
911,168877,6,5,6
912,168877,6,5,6
913,168877,6,5,6
914,168877,6,5,6
915,168877,6,5,6
916,168877,6,5,6
917,168877,6,5,6
918,168877,6,5,6
919,168877,6,5,6
920,168877,6,5,6
921,168877,6,5,6
922,168877,6,5,6
923,168877,6,5,6
924,168877,6,5,6
925,168877,6,5,6
926,168877,6,5,6
927,168877,6,5,6
928,168877,6,5,6
929,168877,6,5,6
930,168877,6,5,6
931,168877,6,5,6
932,168877,6,5,6
933,168877,6,5,6
934,168877,6,5,6
935,168877,6,5,6
936,168877,6,5,6
937,168877,6,5,6
938,168877,6,5,6
939,168877,6,5,6
940,168877,6,5,6
941,168877,6,5,6
942,168877,6,5,6
943,168877,6,5,6
944,168877,6,5,6
945,168877,6,5,6
946,168877,6,5,6
947,168877,6,5,6
948,168877,6,5,5
949,168877,6,5,6
950,168877,6,5,6
951,168877,6,5,6
952,168877,6,5,6
953,168877,6,5,6
954,168877,6,5,6
955,168877,6,5,6
956,168877,6,5,6
957,168877,6,5,6
958,168877,6,5,6
959,168877,6,5,6
960,168877,6,5,6
961,168877,6,5,6
962,168877,6,5,6
963,168877,6,5,6
964,168877,6,5,6
965,168877,6,5,6
966,168877,6,5,6
967,168877,5,5,6
968,168877,6,5,6
969,168877,6,5,6
970,168877,6,5,6
971,168877,6,5,6
972,168877,6,5,6
973,168877,6,5,6
974,168877,6,5,6
975,168877,6,5,6
976,168877,6,5,6
977,168877,6,5,6
978,168877,6,5,6
979,168877,6,5,6
980,168877,5,5,6
981,168877,6,5,6
982,168877,6,5,6
983,168877,6,5,6
984,168877,6,5,6
985,168877,6,5,6
986,168877,6,5,6
987,168877,6,5,6
988,168877,6,5,6
989,168877,6,5,6
990,168877,6,5,6
991,168877,6,5,6
992,168877,6,5,5
993,168877,6,5,6
994,168877,6,5,6
995,168877,6,5,6
996,168877,6,5,6
997,168877,6,5,6
998,168877,6,5,6
999,168877,6,5,6
1000,168877,6,5,6
1001,168877,6,5,6
1002,168877,6,5,6
1003,168877,6,5,6
1004,168877,6,5,6
1005,168877,6,5,6
1006,168877,6,5,6
1007,168877,6,5,6
1008,168877,6,5,6
1009,168877,6,5,6
1010,168877,6,5,6
1011,168877,6,5,6
1012,168877,6,5,6
1013,168877,6,5,6
1014,168877,6,5,6
1015,168877,6,5,6
1016,168877,6,5,6
1017,168877,6,5,6
1018,168877,6,5,6
1019,168877,6,5,6
1020,168877,6,5,6
1021,168877,6,5,6
1022,168877,6,5,6
1023,168877,6,5,6
1024,168877,6,5,6
1025,168877,6,5,6
1026,168877,6,5,6
1027,168877,6,5,6
1028,168877,6,5,6
1029,168877,6,5,6
1030,168877,6,5,5
1031,168877,6,5,6
1032,168877,6,5,6
1033,168877,6,5,6
1034,168877,6,5,6
1035,168877,6,5,6
1036,168877,6,5,6
1037,168877,6,5,6
1038,168877,6,5,6
1039,168877,6,5,6
1040,168877,6,5,6
1041,168877,6,5,6
1042,168877,6,5,6
1043,168877,6,5,6
1044,168877,6,5,6
1045,168877,6,5,6
1046,168877,6,5,6
1047,168877,6,5,6
1048,168877,6,5,6
1049,168877,6,5,6
1050,168877,6,5,6
1051,168877,6,5,6
1052,168877,6,5,6
1053,168877,6,5,6
1054,168877,6,5,5
1055,168877,6,5,6
1056,168877,6,5,6
1057,168877,6,5,6
1058,168877,6,5,6
1059,168877,6,5,6
1060,168877,6,5,6
1061,168877,6,5,6
1062,168877,6,5,6
1063,168877,6,5,6
1064,168877,6,5,6
1065,168877,6,5,6
1066,168877,6,5,6
1067,168877,6,5,6
1068,168877,6,5,6
1069,168877,6,5,6
1070,168877,6,5,6
1071,168877,6,5,6
1072,168877,6,5,6
1073,168877,6,5,6
1074,168877,6,5,5
1075,168877,6,5,6
1076,168877,6,5,6
1077,168877,6,5,6
1078,168877,6,5,6
1079,168877,6,5,6
1080,168877,6,5,6
1081,168877,6,5,6
1082,168877,6,5,6
1083,168877,6,5,6
1084,168877,6,5,6
1085,168877,6,5,6
1086,168877,5,5,6
1087,168877,6,5,6
1088,168877,6,5,6
1089,168877,6,5,5
1090,168877,6,5,6
1091,168877,6,5,6
1092,168877,6,5,6
1093,168877,6,5,5
1094,168877,6,5,6
1095,168877,6,5,6
1096,168877,6,5,6
1097,168877,6,5,6
1098,168877,6,5,6
1099,168877,6,5,6
1100,168877,6,5,6
1101,168877,6,5,6
1102,168877,6,5,6
1103,168877,6,5,6
1104,168877,6,5,6
1105,168877,6,5,6
1106,168877,6,5,6
1107,168877,6,5,6
1108,168877,6,5,6
1109,168877,6,5,6
1110,168877,6,5,6
1111,168877,5,5,6
1112,168877,6,5,6
1113,168877,6,5,6
1114,168877,6,5,6
1115,168877,6,5,6
1116,168877,6,6,6
1117,168877,8,6,6
1118,168877,6,5,6
1119,168877,6,5,6
1120,168877,6,5,6
1121,168877,6,5,7
1122,168877,6,5,6
1123,168877,6,5,6
1124,168877,6,5,6
1125,168877,6,5,6
1126,168877,6,5,6
1127,168877,6,5,6
1128,168877,6,5,6
1129,168877,6,5,6
1130,168877,6,5,6
1131,168877,6,5,6
1132,168877,7,6,6
1133,168877,7,6,6
1134,168877,6,5,6
1135,168877,6,5,6
1136,168877,7,5,7
1137,168877,7,5,6
1138,168877,6,5,6
1139,168877,6,5,6
1140,168877,6,5,7
1141,168877,6,5,6
1142,168877,6,5,6
1143,168877,6,5,6
1144,168877,6,5,6
1145,168877,6,5,6
1146,168877,6,5,6
1147,168877,6,5,6
1148,168877,6,5,6
1149,168877,6,5,6
1150,168877,6,5,6
1151,168877,6,5,6
1152,168877,6,5,6
1153,168877,6,5,6
1154,168877,6,5,6
1155,168877,6,5,6
1156,168877,6,5,6
1157,168877,6,5,6
1158,168877,6,5,6
1159,168877,6,5,6
1160,168877,6,5,6
1161,168877,6,5,6
1162,168877,6,5,6
1163,168877,6,5,6
1164,168877,6,5,6
1165,168877,6,5,6
1166,168877,6,5,6
1167,168877,6,5,6
1168,168877,6,5,6
1169,168877,6,5,6
1170,168877,6,5,6
1171,168877,6,5,6
1172,168877,6,5,6
1173,168877,6,5,6
1174,168877,6,5,6
1175,168877,6,5,6
1176,168877,6,5,6
1177,168877,6,5,6
1178,168877,6,5,6
1179,168877,6,5,6
1180,168877,6,5,6
1181,168877,6,5,6
1182,168877,6,5,6
1183,168877,6,5,6
1184,168877,6,5,6
1185,168877,6,5,6
1186,168877,6,5,6
1187,168877,6,5,6
1188,168877,6,5,6
1189,168877,6,5,6
1190,168877,6,5,6
1191,168877,6,5,6
1192,168877,6,5,6
1193,168877,6,5,6
1194,168877,6,5,6
1195,168877,6,5,6
1196,168877,6,5,6
1197,168877,6,5,6
1198,168877,6,5,6
1199,168877,6,5,6
1200,168877,6,5,6
1201,168877,6,5,6
1202,168877,6,5,6
1203,168877,6,5,6
1204,168877,6,5,6
1205,168877,6,5,6
1206,168877,6,5,6
1207,168877,6,5,6
1208,168877,6,5,6
1209,168877,6,5,6
1210,168877,6,5,6
1211,168877,6,5,6
1212,168877,6,5,6
1213,168877,6,5,6
1214,168877,6,5,6
1215,168877,6,5,6
1216,168877,6,5,6
1217,168877,6,5,6
1218,168877,6,5,6
1219,168877,6,5,6
1220,168877,6,5,6
1221,168877,6,5,6
1222,168877,6,5,6
1223,168877,6,5,6
1224,168877,6,5,6
1225,168877,6,5,6
1226,168877,6,5,6
1227,168877,6,5,6
1228,168877,6,5,6
1229,168877,6,5,6
1230,168877,6,5,6
1231,168877,6,5,6
1232,168877,6,5,6
1233,168877,6,5,6
1234,168877,6,5,6
1235,168877,6,5,6
1236,168877,6,5,6
1237,168877,6,5,6
1238,168877,6,5,6
1239,168877,6,5,6
1240,168877,6,5,6
1241,168877,6,5,6
1242,168877,6,5,6
1243,168877,6,5,6
1244,168877,6,5,6
1245,168877,6,5,6
1246,168877,6,5,6
1247,168877,6,5,6
1248,168877,6,5,6
1249,168877,6,5,6
1250,168877,6,5,6
1251,168877,6,5,6
1252,168877,6,5,6
1253,168877,6,5,6
1254,168877,6,5,6
1255,168877,6,5,6
1256,168877,6,5,6
1257,168877,6,5,6
1258,168877,6,5,6
1259,168877,6,5,6
1260,168877,6,5,6
1261,168877,6,5,6
1262,168877,6,5,6
1263,168877,6,5,6
1264,168877,6,5,6
1265,168877,6,5,6
1266,168877,6,5,5
1267,168877,6,5,6
1268,168877,6,5,6
1269,168877,6,5,6
1270,168877,6,5,6
1271,168877,6,5,6
1272,168877,6,5,6
1273,168877,6,5,6
1274,168877,6,5,6
1275,168877,6,5,5
1276,168877,6,5,6
1277,168877,6,5,6
1278,168877,6,5,6
1279,168877,6,5,6
1280,168877,6,5,6
1281,168877,6,5,6
1282,168877,6,5,6
1283,168877,6,5,6
1284,168877,6,5,6
1285,168877,6,5,6
1286,168877,6,5,6
1287,168877,6,5,6
1288,168877,6,5,6
1289,168877,6,5,6
1290,168877,6,5,6
1291,168877,6,5,6
1292,168877,6,5,6
1293,168877,6,5,6
1294,168877,6,5,6
1295,168877,6,5,6
1296,168877,6,5,6
1297,168877,6,5,6
1298,168877,6,5,6
1299,168877,6,5,6
1300,168877,6,5,6
1301,168877,6,5,6
1302,168877,6,5,6
1303,168877,6,5,6
1304,168877,6,5,6
1305,168877,6,5,6
1306,168877,6,5,6
1307,168877,6,5,6
1308,168877,6,5,6
1309,168877,6,5,6
1310,168877,6,5,6
1311,168877,6,5,6
1312,168877,6,5,6
1313,168877,6,5,6
1314,168877,6,5,6
1315,168877,6,5,6
1316,168877,6,5,6
1317,168877,6,5,6
1318,168877,6,5,6
1319,168877,6,5,6
1320,168877,6,5,6
1321,168877,6,5,6
1322,168877,6,5,6
1323,168877,6,5,6
1324,168877,6,5,6
1325,168877,6,5,6
1326,168877,6,6,6
1327,168877,6,5,6
1328,168877,6,5,6
1329,168877,6,5,6
1330,168877,6,5,6
1331,168877,6,5,6
1332,168877,6,5,6
1333,168877,6,5,6
1334,168877,6,5,6
1335,168877,6,5,6
1336,168877,6,5,6
1337,168877,6,5,6
1338,168877,6,5,6
1339,168877,6,5,6
1340,168877,6,5,6
1341,168877,6,5,6
1342,168877,6,5,6
1343,168877,6,5,6
1344,168877,6,5,6
1345,168877,6,5,6
1346,168877,6,5,6
1347,168877,6,5,6
1348,168877,6,5,6
1349,168877,6,5,6
1350,168877,6,5,6
1351,168877,6,5,6
1352,168877,6,5,6
1353,168877,6,5,6
1354,168877,6,5,6
1355,168877,6,5,6
1356,168877,6,5,6
1357,168877,6,5,6
1358,168877,6,5,6
1359,168877,6,5,6
1360,168877,6,5,6
1361,168877,6,5,6
1362,168877,6,5,6
1363,168877,6,5,6
1364,168877,6,5,6
1365,168877,6,5,6
1366,168877,6,5,6
1367,168877,6,5,6
1368,168877,6,5,6
1369,168877,6,5,6
1370,168877,6,5,6
1371,168877,6,5,6
1372,168877,6,5,6
1373,168877,6,5,6
1374,168877,6,5,6
1375,168877,6,5,6
1376,168877,6,5,6
1377,168877,6,5,6
1378,168877,6,5,6
1379,168877,7,5,6
1380,168877,6,6,6
1381,168877,6,5,6
1382,168877,6,5,6
1383,168877,6,5,6
1384,168877,6,5,6
1385,168877,6,5,6
1386,168877,6,5,6
1387,168877,6,5,6
1388,168877,6,5,6
1389,168877,6,5,6
1390,168877,6,5,6
1391,168877,6,5,6
1392,168877,6,5,6
1393,168877,6,5,6
1394,168877,6,5,6
1395,168877,6,5,6
1396,168877,6,5,6
1397,168877,6,5,6
1398,168877,6,5,6
1399,168877,6,5,6
1400,168877,6,5,6
1401,168877,6,5,6
1402,168877,6,5,6
1403,168877,6,5,6
1404,168877,6,5,6
1405,168877,6,5,6
1406,168877,6,5,6
1407,168877,6,5,6
1408,168877,6,5,6
1409,168877,6,5,6
1410,168877,6,5,6
1411,168877,6,5,6
1412,168877,6,5,6
1413,168877,6,5,6
1414,168877,6,5,6
1415,168877,6,5,6
1416,168877,6,5,6
1417,168877,6,5,6
1418,168877,6,5,6
1419,168877,6,5,6
1420,168877,6,5,6
1421,168877,6,5,6
1422,168877,6,5,6
1423,168877,6,5,6
1424,168877,6,5,6
1425,168877,6,5,6
1426,168877,6,5,6
1427,168877,6,5,6
1428,168877,6,5,6
1429,168877,6,5,6
1430,168877,6,5,6
1431,168877,6,5,6
1432,168877,6,5,6
1433,168877,6,5,6
1434,168877,6,5,6
1435,168877,6,5,6
1436,168877,6,5,6
1437,168877,6,5,6
1438,168877,6,5,6
1439,168877,6,5,6
1440,168877,6,5,6
1441,168877,6,5,6
1442,168877,6,5,6
1443,168877,6,5,6
1444,168877,6,5,6
1445,168877,6,5,6
1446,168877,6,5,6
1447,168877,6,5,6
1448,168877,6,5,6
1449,168877,6,5,6
1450,168877,6,5,6
1451,168877,6,5,6
1452,168877,6,5,6
1453,168877,6,5,6
1454,168877,6,5,6
1455,168877,6,5,6
1456,168877,6,6,6
1457,168877,6,5,6
1458,168877,6,5,6
1459,168877,6,5,6
1460,168877,6,5,6
1461,168877,6,5,6
1462,168877,6,5,7
1463,168877,7,6,6
1464,168877,6,5,6
1465,168877,8,6,7
1466,168877,7,5,6
1467,168877,6,6,6
1468,168877,6,5,6
1469,168877,6,5,6
1470,168877,6,5,6
1471,168877,6,5,6
1472,168877,6,5,6
1473,168877,6,5,6
1474,168877,6,5,6
1475,168877,6,5,6
1476,168877,6,5,6
1477,168877,6,5,6
1478,168877,6,5,6
1479,168877,6,5,6
1480,168877,6,5,6
1481,168877,6,5,6
1482,168877,6,5,6
1483,168877,6,5,6
1484,168877,6,5,6
1485,168877,6,5,6
1486,168877,6,5,6
1487,168877,6,5,6
1488,168877,6,5,6
1489,168877,6,5,6
1490,168877,6,5,6
1491,168877,6,5,7
1492,168877,6,6,6
1493,168877,6,5,6
1494,168877,7,6,6
1495,168877,6,5,6
1496,168877,6,5,6
1497,168877,6,5,6
1498,168877,6,5,6
1499,168877,6,5,6
1500,168877,6,5,6
1501,168877,6,6,6
1502,168877,6,5,6
1503,168877,6,6,6
1504,168877,6,5,6
1505,168877,6,5,6
1506,168877,6,5,6
1507,168877,6,5,6
1508,168877,6,5,6
1509,168877,6,5,6
1510,168877,6,5,6
1511,168877,6,5,6
1512,168877,6,5,6
1513,168877,6,5,6
1514,168877,6,5,6
1515,168877,6,5,6
1516,168877,6,6,6
1517,168877,6,5,6
1518,168877,6,5,6
1519,168877,6,5,6
1520,168877,6,5,6
1521,168877,6,5,6
1522,168877,6,5,6
1523,168877,6,5,6
1524,168877,6,5,6
1525,168877,6,5,6
1526,168877,6,5,6
1527,168877,6,5,6
1528,168877,6,5,6
1529,168877,6,5,6
1530,168877,6,5,6
1531,168877,6,5,6
1532,168877,6,5,6
1533,168877,6,5,6
1534,168877,6,5,6
1535,168877,6,6,6
1536,168877,6,5,6
1537,168877,6,5,6
1538,168877,6,5,6
1539,168877,6,5,6
1540,168877,6,5,6
1541,168877,6,5,6
1542,168877,6,5,6
1543,168877,6,5,6
1544,168877,6,5,6
1545,168877,6,5,6
1546,168877,6,5,6
1547,168877,6,5,6
1548,168877,6,5,6
1549,168877,6,5,6
1550,168877,6,5,6
1551,168877,6,5,6
1552,168877,6,5,6
1553,168877,6,5,6
1554,168877,6,5,6
1555,168877,6,5,6
1556,168877,6,5,6
1557,168877,6,5,6
1558,168877,6,5,6
1559,168877,6,5,6
1560,168877,6,5,6
1561,168877,6,5,6
1562,168877,6,5,6
1563,168877,6,5,6
1564,168877,6,5,6
1565,168877,6,5,6
1566,168877,6,5,6
1567,168877,6,5,6
1568,168877,6,5,6
1569,168877,6,5,6
1570,168877,6,5,6
1571,168877,6,5,6
1572,168877,6,5,6
1573,168877,6,5,6
1574,168877,6,5,6
1575,168877,6,5,6
1576,168877,7,5,7
1577,168877,6,6,6
1578,168877,6,5,6
1579,168877,6,5,6
1580,168877,6,5,6
1581,168877,6,5,6
1582,168877,6,5,6
1583,168877,6,5,6
1584,168877,6,5,6
1585,168877,6,5,6
1586,168877,6,5,6
1587,168877,6,5,6
1588,168877,6,5,6
1589,168877,6,5,6
1590,168877,6,5,6
1591,168877,6,5,6
1592,168877,6,5,6
1593,168877,7,6,6
1594,168877,6,5,6
1595,168877,6,5,6
1596,168877,6,5,6
1597,168877,6,5,6
1598,168877,6,5,6
1599,168877,6,5,6
1600,168877,6,5,6
1601,168877,6,5,6
1602,168877,6,5,6
1603,168877,6,5,6
1604,168877,6,5,6
1605,168877,6,5,6
1606,168877,6,5,6
1607,168877,6,5,6
1608,168877,6,5,6
1609,168877,6,5,6
1610,168877,6,5,6
1611,168877,6,5,6
1612,168877,6,5,6
1613,168877,6,5,6
1614,168877,6,5,6
1615,168877,6,5,6
1616,168877,6,5,6
1617,168877,6,5,6
1618,168877,6,6,6
1619,168877,6,5,6
1620,168877,6,5,6
1621,168877,6,5,6
1622,168877,6,5,6
1623,168877,6,6,6
1624,168877,7,6,6
1625,168877,6,5,6
1626,168877,6,5,6
1627,168877,6,5,6
1628,168877,6,5,6
1629,168877,6,5,6
1630,168877,6,5,6
1631,168877,6,5,6
1632,168877,6,5,6
1633,168877,6,5,6
1634,168877,7,6,7
1635,168877,6,5,6
1636,168877,6,5,6
1637,168877,6,5,6
1638,168877,6,5,6
1639,168877,6,5,6
1640,168877,6,5,6
1641,168877,6,5,6
1642,168877,6,5,6
1643,168877,6,5,6
1644,168877,6,5,6
1645,168877,6,5,6
1646,168877,6,5,6
1647,168877,6,5,6
1648,168877,6,5,6
1649,168877,6,5,6
1650,168877,6,5,6
1651,168877,6,5,6
1652,168877,6,5,6
1653,168877,6,5,6
1654,168877,6,5,6
1655,168877,6,5,6
1656,168877,6,5,6
1657,168877,6,5,6
1658,168877,6,5,6
1659,168877,6,5,6
1660,168877,6,5,6
1661,168877,6,5,6
1662,168877,6,5,6
1663,168877,6,5,6
1664,168877,6,5,6
1665,168877,6,5,6
1666,168877,6,5,6
1667,168877,6,5,6
1668,168877,6,5,6
1669,168877,6,5,6
1670,168877,6,5,6
1671,168877,6,5,6
1672,168877,6,5,6
1673,168877,6,5,6
1674,168877,6,5,6
1675,168877,6,5,6
1676,168877,6,5,6
1677,168877,6,5,6
1678,168877,6,5,6
1679,168877,6,5,6
1680,168877,6,5,6
1681,168877,6,5,6
1682,168877,6,5,6
1683,168877,6,6,6
1684,168877,6,6,6
1685,168877,6,5,6
1686,168877,6,5,6
1687,168877,6,5,6
1688,168877,6,5,6
1689,168877,6,5,6
1690,168877,6,5,6
1691,168877,6,5,6
1692,168877,6,5,6
1693,168877,6,5,6
1694,168877,6,5,6
1695,168877,6,5,6
1696,168877,6,5,6
1697,168877,6,5,6
1698,168877,6,5,6
1699,168877,6,5,6
1700,168877,6,5,6
1701,168877,6,5,6
1702,168877,6,5,6
1703,168877,6,5,6
1704,168877,6,5,6
1705,168877,6,5,6
1706,168877,6,5,6
1707,168877,6,5,6
1708,168877,6,5,6
1709,168877,6,5,6
1710,168877,6,5,6
1711,168877,6,5,6
1712,168877,6,5,6
1713,168877,6,5,6
1714,168877,6,5,6
1715,168877,6,5,6
1716,168877,6,5,6
1717,168877,6,5,6
1718,168877,6,5,6
1719,168877,6,5,6
1720,168877,6,5,6
1721,168877,6,5,6
1722,168877,6,5,6
1723,168877,6,5,6
1724,168877,6,5,6
1725,168877,6,5,6
1726,168877,6,5,6
1727,168877,6,5,6
1728,168877,6,5,6
1729,168877,6,5,6
1730,168877,6,5,6
1731,168877,6,5,6
1732,168877,6,5,6
1733,168877,6,5,6
1734,168877,6,5,6
1735,168877,6,5,6
1736,168877,6,6,6
1737,168877,6,5,6
1738,168877,6,5,6
1739,168877,6,5,7
1740,168877,6,6,6
1741,168877,6,5,6
1742,168877,6,5,6
1743,168877,6,5,6
1744,168877,6,5,6
1745,168877,6,5,6
1746,168877,6,5,6
1747,168877,6,5,6
1748,168877,6,5,6
1749,168877,6,5,6
1750,168877,6,5,6
1751,168877,6,5,6
1752,168877,6,5,6
1753,168877,6,5,6
1754,168877,6,5,6
1755,168877,6,5,6
1756,168877,6,5,6
1757,168877,6,5,6
1758,168877,6,5,6
1759,168877,6,5,6
1760,168877,6,5,6
1761,168877,6,5,6
1762,168877,6,5,6
1763,168877,6,5,6
1764,168877,6,5,6
1765,168877,6,5,6
1766,168877,6,5,6
1767,168877,6,5,6
1768,168877,6,5,6
1769,168877,6,5,6
1770,168877,6,5,6
1771,168877,6,5,6
1772,168877,6,5,6
1773,168877,6,5,6
1774,168877,6,5,6
1775,168877,6,5,6
1776,168877,6,5,6
1777,168877,6,5,6
1778,168877,6,5,6
1779,168877,6,5,6
1780,168877,6,5,6
1781,168877,6,5,6
1782,168877,6,5,6
1783,168877,6,5,6
1784,168877,6,5,6
1785,168877,6,5,6
1786,168877,6,5,6
1787,168877,6,5,6
1788,168877,6,5,6
1789,168877,6,5,6
1790,168877,6,5,6
1791,168877,6,5,6
1792,168877,6,5,6
1793,168877,6,5,6
1794,168877,6,5,6
1795,168877,6,5,6
1796,168877,6,5,6
1797,168877,6,5,6
1798,168877,6,6,6
1799,168877,6,5,6
1800,168877,6,5,6
1801,168877,6,5,6
1802,168877,6,5,6
1803,168877,6,5,6
1804,168877,6,5,6
1805,168877,6,5,6
1806,168877,6,5,6
1807,168877,6,5,6
1808,168877,6,6,7
1809,168877,6,5,6
1810,168877,6,5,6
1811,168877,6,5,6
1812,168877,6,5,6
1813,168877,6,5,6
1814,168877,6,5,6
1815,168877,6,5,6
1816,168877,6,5,6
1817,168877,6,5,6
1818,168877,6,5,6
1819,168877,6,5,6
1820,168877,6,5,6
1821,168877,6,5,6
1822,168877,6,5,6
1823,168877,6,5,6
1824,168877,6,5,6
1825,168877,6,5,6
1826,168877,6,5,6
1827,168877,6,5,6
1828,168877,6,5,6
1829,168877,6,5,6
1830,168877,6,5,6
1831,168877,6,6,6
1832,168877,6,5,6
1833,168877,6,5,6
1834,168877,6,5,6
1835,168877,6,5,6
1836,168877,6,5,6
1837,168877,6,5,6
1838,168877,6,5,6
1839,168877,6,5,6
1840,168877,6,5,6
1841,168877,6,5,6
1842,168877,6,5,6
1843,168877,6,5,6
1844,168877,6,5,6
1845,168877,6,5,6
1846,168877,6,5,6
1847,168877,6,5,6
1848,168877,6,5,6
1849,168877,6,5,6
1850,168877,6,5,6
1851,168877,6,5,6
1852,168877,6,5,6
1853,168877,6,6,6
1854,168877,6,5,6
1855,168877,6,5,6
1856,168877,6,5,6
1857,168877,6,5,6
1858,168877,6,6,7
1859,168877,6,5,6
1860,168877,6,5,6
1861,168877,6,5,6
1862,168877,6,5,6
1863,168877,6,5,6
1864,168877,6,5,6
1865,168877,6,5,6
1866,168877,6,5,6
1867,168877,6,5,6
1868,168877,6,5,6
1869,168877,6,5,6
1870,168877,6,5,6
1871,168877,6,5,6
1872,168877,6,5,6
1873,168877,6,5,6
1874,168877,6,5,6
1875,168877,6,5,6
1876,168877,6,5,6
1877,168877,6,5,6
1878,168877,6,5,6
1879,168877,6,5,6
1880,168877,6,5,6
1881,168877,6,5,6
1882,168877,6,5,6
1883,168877,6,5,6
1884,168877,6,5,6
1885,168877,6,5,6
1886,168877,6,5,6
1887,168877,6,5,6
1888,168877,6,5,6
1889,168877,6,5,6
1890,168877,6,5,6
1891,168877,6,5,6
1892,168877,6,5,6
1893,168877,6,5,6
1894,168877,6,5,6
1895,168877,6,5,6
1896,168877,6,5,6
1897,168877,6,5,6
1898,168877,6,5,6
1899,168877,6,5,6
1900,168877,6,5,6
1901,168877,6,5,6
1902,168877,6,5,5
1903,168877,6,5,6
1904,168877,6,5,6
1905,168877,6,5,6
1906,168877,6,5,6
1907,168877,6,5,6
1908,168877,6,5,6
1909,168877,6,5,6
1910,168877,6,5,6
1911,168877,6,5,6
1912,168877,6,5,6
1913,168877,6,5,6
1914,168877,6,5,6
1915,168877,6,5,6
1916,168877,6,5,6
1917,168877,6,5,6
1918,168877,6,5,6
1919,168877,6,5,6
1920,168877,6,5,6
1921,168877,6,5,6
1922,168877,6,5,6
1923,168877,6,5,6
1924,168877,6,5,6
1925,168877,6,5,6
1926,168877,6,5,6
1927,168877,6,5,6
1928,168877,6,5,6
1929,168877,6,5,6
1930,168877,6,5,6
1931,168877,6,5,6
1932,168877,6,5,6
1933,168877,6,5,6
1934,168877,6,5,6
1935,168877,6,5,6
1936,168877,6,5,6
1937,168877,6,5,6
1938,168877,6,5,6
1939,168877,6,5,6
1940,168877,6,5,6
1941,168877,6,5,5
1942,168877,6,5,6
1943,168877,6,5,6
1944,168877,6,5,6
1945,168877,6,5,6
1946,168877,6,5,6
1947,168877,6,5,6
1948,168877,6,5,6
1949,168877,6,5,6
1950,168877,6,5,6
1951,168877,6,5,6
1952,168877,6,5,6
1953,168877,6,5,6
1954,168877,6,5,6
1955,168877,6,5,6
1956,168877,6,5,6
1957,168877,6,5,6
1958,168877,6,5,6
1959,168877,6,5,6
1960,168877,6,5,6
1961,168877,6,5,6
1962,168877,6,5,6
1963,168877,6,5,6
1964,168877,6,5,6
1965,168877,6,5,6
1966,168877,6,5,6
1967,168877,6,5,6
1968,168877,6,5,6
1969,168877,6,5,6
1970,168877,6,5,6
1971,168877,6,5,6
1972,168877,6,5,6
1973,168877,6,5,6
1974,168877,6,5,6
1975,168877,6,5,6
1976,168877,6,5,6
1977,168877,6,5,6
1978,168877,6,5,6
1979,168877,6,5,6
1980,168877,6,5,6
1981,168877,6,5,6
1982,168877,6,5,6
1983,168877,6,5,6
1984,168877,6,5,6
1985,168877,6,5,6
1986,168877,6,5,6
1987,168877,6,5,6
1988,168877,6,5,6
1989,168877,6,5,6
1990,168877,6,5,6
1991,168877,6,5,6
1992,168877,6,5,6
1993,168877,6,5,6
1994,168877,6,5,6
1995,168877,6,5,6
1996,168877,6,5,6
1997,168877,6,5,6
1998,168877,6,5,6
1999,168877,6,5,6
2000,168877,6,5,6
2001,168877,6,5,6
2002,168877,6,5,6
2003,168877,6,5,6
2004,168877,6,5,6
2005,168877,6,5,5
2006,168877,6,5,6
2007,168877,6,5,6
2008,168877,6,5,6
2009,168877,6,5,6
2010,168877,6,5,6
2011,168877,6,5,6
2012,168877,6,5,6
2013,168877,6,5,6
2014,168877,6,5,6
2015,168877,6,5,6
2016,168877,6,5,6
2017,168877,6,5,6
2018,168877,6,5,6
2019,168877,6,5,6
2020,168877,6,5,6
2021,168877,6,5,6
2022,168877,6,5,6
2023,168877,6,6,6
2024,168877,6,6,6
2025,168877,6,5,6
2026,168877,6,5,6
2027,168877,6,5,6
2028,168877,6,5,6
2029,168877,6,5,6
2030,168877,6,5,6
2031,168877,6,5,6
2032,168877,6,5,6
2033,168877,6,5,6
2034,168877,6,5,6
2035,168877,6,5,6
2036,168877,6,5,6
2037,168877,6,5,6
2038,168877,6,5,6
2039,168877,6,5,6
2040,168877,6,5,6
2041,168877,6,5,6
2042,168877,6,5,6
2043,168877,6,5,6
2044,168877,6,5,6
2045,168877,6,5,6
2046,168877,6,5,6
2047,168877,6,5,6
2048,168877,6,5,6
2049,168877,6,5,6
2050,168877,6,5,6
2051,168877,6,5,6
2052,168877,6,5,6
2053,168877,6,5,6
2054,168877,6,5,6
2055,168877,6,5,6
2056,168877,6,5,6
2057,168877,6,5,6
2058,168877,6,5,6
2059,168877,6,5,6
2060,168877,6,5,6
2061,168877,6,5,6
2062,168877,6,5,6
2063,168877,6,5,6
2064,168877,6,5,6
2065,168877,6,5,6
2066,168877,6,5,6
2067,168877,6,5,6
2068,168877,6,5,6
2069,168877,6,5,6
2070,168877,6,5,6
2071,168877,6,6,6
2072,168877,6,5,6
2073,168877,6,5,6
2074,168877,6,5,6
2075,168877,6,5,6
2076,168877,6,5,6
2077,168877,6,5,6
2078,168877,6,5,6
2079,168877,6,5,6
2080,168877,6,6,6
2081,168877,6,5,6
2082,168877,6,5,6
2083,168877,6,5,6
2084,168877,6,5,6
2085,168877,6,5,6
2086,168877,5,5,6
2087,168877,6,5,6
2088,168877,6,5,6
2089,168877,6,5,6
2090,168877,6,5,6
2091,168877,6,5,6
2092,168877,6,5,6
2093,168877,6,5,6
2094,168877,6,5,6
2095,168877,6,5,6
2096,168877,6,5,6
2097,168877,6,5,6
2098,168877,6,5,6
2099,168877,6,5,6
2100,168877,6,5,6
2101,168877,6,5,6
2102,168877,6,5,6
2103,168877,6,5,6
2104,168877,6,5,6
2105,168877,6,5,6
2106,168877,6,5,6
2107,168877,6,6,6
2108,168877,6,5,6
2109,168877,6,5,6
2110,168877,6,5,6
2111,168877,6,5,6
2112,168877,6,5,6
2113,168877,6,5,6
2114,168877,6,5,6
2115,168877,6,5,6
2116,168877,6,5,6
2117,168877,6,5,6
2118,168877,6,5,6
2119,168877,6,5,6
2120,168877,6,5,6
2121,168877,6,5,6
2122,168877,6,5,6
2123,168877,6,5,6
2124,168877,6,5,6
2125,168877,6,5,6
2126,168877,6,5,6
2127,168877,6,5,6
2128,168877,6,5,6
2129,168877,6,5,6
2130,168877,6,5,6
2131,168877,6,5,6
2132,168877,6,5,6
2133,168877,6,5,6
2134,168877,6,5,6
2135,168877,6,5,6
2136,168877,6,5,6
2137,168877,6,5,6
2138,168877,6,5,6
2139,168877,6,5,6
2140,168877,6,5,6
2141,168877,6,5,6
2142,168877,6,5,6
2143,168877,6,5,6
2144,168877,6,5,6
2145,168877,6,5,7
2146,168877,6,5,6
2147,168877,6,5,6
2148,168877,6,5,6
2149,168877,6,5,6
2150,168877,6,5,6
2151,168877,6,5,6
2152,168877,6,5,6
2153,168877,6,6,6
2154,168877,6,5,6
2155,168877,6,5,6
2156,168877,6,5,6
2157,168877,6,5,6
2158,168877,6,5,6
2159,168877,6,5,6
2160,168877,6,5,6
2161,168877,6,5,6
2162,168877,6,5,6
2163,168877,6,5,6
2164,168877,6,5,6
2165,168877,6,5,6
2166,168877,6,5,6
2167,168877,6,5,6
2168,168877,6,5,6
2169,168877,6,5,6
2170,168877,6,5,6
2171,168877,6,5,6
2172,168877,6,5,6
2173,168877,6,5,6
2174,168877,6,5,6
2175,168877,6,5,6
2176,168877,6,5,6
2177,168877,6,5,6
2178,168877,6,5,6
2179,168877,6,5,6
2180,168877,6,5,6
2181,168877,6,5,6
2182,168877,6,5,6
2183,168877,6,5,5
2184,168877,6,5,6
2185,168877,6,5,6
2186,168877,6,5,6
2187,168877,6,5,6
2188,168877,6,5,6
2189,168877,6,5,6
2190,168877,6,5,6
2191,168877,6,5,6
2192,168877,6,5,6
2193,168877,6,5,6
2194,168877,6,5,6
2195,168877,6,5,6
2196,168877,6,5,6
2197,168877,6,5,6
2198,168877,6,5,6
2199,168877,6,5,6
2200,168877,6,5,6
2201,168877,6,5,6
2202,168877,6,5,6
2203,168877,6,5,6
2204,168877,6,5,6
2205,168877,6,5,6
2206,168877,6,5,6
2207,168877,6,5,6
2208,168877,6,5,6
2209,168877,6,5,6
2210,168877,6,5,6
2211,168877,6,5,6
2212,168877,6,5,6
2213,168877,6,5,6
2214,168877,6,5,6
2215,168877,6,5,6
2216,168877,6,5,6
2217,168877,6,5,6
2218,168877,6,5,6
2219,168877,6,5,6
2220,168877,6,5,6
2221,168877,6,5,6
2222,168877,6,5,6
2223,168877,6,5,6
2224,168877,6,5,6
2225,168877,6,5,6
2226,168877,6,5,6
2227,168877,6,5,6
2228,168877,6,6,6
2229,168877,6,5,6
2230,168877,6,5,6
2231,168877,6,5,6
2232,168877,6,5,6
2233,168877,6,5,6
2234,168877,6,5,6
2235,168877,6,5,6
2236,168877,6,5,6
2237,168877,6,5,6
2238,168877,6,5,6
2239,168877,6,5,6
2240,168877,6,5,6
2241,168877,6,5,6
2242,168877,6,5,6
2243,168877,6,5,6
2244,168877,6,5,6
2245,168877,6,5,6
2246,168877,6,5,6
2247,168877,6,5,6
2248,168877,6,5,6
2249,168877,6,5,6
2250,168877,6,5,6
2251,168877,5,5,6
2252,168877,6,5,6
2253,168877,6,5,6
2254,168877,6,5,6
2255,168877,6,5,6
2256,168877,6,5,6
2257,168877,6,5,6
2258,168877,6,5,6
2259,168877,6,5,6
2260,168877,6,5,6
2261,168877,6,5,6
2262,168877,6,5,6
2263,168877,6,5,6
2264,168877,7,6,6
2265,168877,6,5,6
2266,168877,6,5,6
2267,168877,6,5,6
2268,168877,6,5,6
2269,168877,6,5,6
2270,168877,6,5,6
2271,168877,6,5,6
2272,168877,6,5,6
2273,168877,6,5,6
2274,168877,6,5,6
2275,168877,6,5,6
2276,168877,6,5,6
2277,168877,6,5,6
2278,168877,6,5,6
2279,168877,6,5,6
2280,168877,6,5,6
2281,168877,6,5,6
2282,168877,6,5,6
2283,168877,6,5,6
2284,168877,6,5,6
2285,168877,6,5,6
2286,168877,6,5,6
2287,168877,6,5,6
2288,168877,6,5,6
2289,168877,6,5,6
2290,168877,6,5,6
2291,168877,6,5,6
2292,168877,6,5,6
2293,168877,6,5,6
2294,168877,6,5,6
2295,168877,6,5,6
2296,168877,6,5,6
2297,168877,6,5,6
2298,168877,6,5,6
2299,168877,6,5,6
2300,168877,6,5,6
2301,168877,6,5,6
2302,168877,6,5,6
2303,168877,6,5,6
2304,168877,6,5,6
2305,168877,6,5,6
2306,168877,6,5,6
2307,168877,6,5,6
2308,168877,6,5,6
2309,168877,6,5,6
2310,168877,6,5,6
2311,168877,6,5,6
2312,168877,6,5,6
2313,168877,6,5,6
2314,168877,6,5,6
2315,168877,6,5,6
2316,168877,6,5,6
2317,168877,6,5,6
2318,168877,6,5,6
2319,168877,6,5,6
2320,168877,6,5,6
2321,168877,6,5,6
2322,168877,6,5,6
2323,168877,6,5,6
2324,168877,6,5,6
2325,168877,6,5,6
2326,168877,6,5,6
2327,168877,6,5,6
2328,168877,6,5,6
2329,168877,6,5,6
2330,168877,6,5,6
2331,168877,6,5,6
2332,168877,6,5,6
2333,168877,6,5,6
2334,168877,6,5,6
2335,168877,6,5,6
2336,168877,6,5,6
2337,168877,6,5,6
2338,168877,6,5,6
2339,168877,6,5,6
2340,168877,6,5,6
2341,168877,6,5,6
2342,168877,6,5,6
2343,168877,6,5,6
2344,168877,6,5,6
2345,168877,6,5,6
2346,168877,6,5,6
2347,168877,6,5,6
2348,168877,6,5,6
2349,168877,6,5,6
2350,168877,6,5,6
2351,168877,6,5,6
2352,168877,6,5,6
2353,168877,6,5,6
2354,168877,6,5,6
2355,168877,6,5,6
2356,168877,6,5,6
2357,168877,6,5,6
2358,168877,6,5,6
2359,168877,6,5,6
2360,168877,6,5,6
2361,168877,6,5,6
2362,168877,6,5,6
2363,168877,6,5,6
2364,168877,6,5,6
2365,168877,6,5,6
2366,168877,6,5,6
2367,168877,6,5,6
2368,168877,6,5,6
2369,168877,6,5,6
2370,168877,6,5,6
2371,168877,6,5,6
2372,168877,6,5,6
2373,168877,6,5,6
2374,168877,6,5,6
2375,168877,6,5,6
2376,168877,6,5,6
2377,168877,6,5,6
2378,168877,6,5,6
2379,168877,6,5,6
2380,168877,6,5,6
2381,168877,6,5,6
2382,168877,6,5,6
2383,168877,6,5,6
2384,168877,6,5,6
2385,168877,6,5,6
2386,168877,6,5,6
2387,168877,6,5,6
2388,168877,6,5,6
2389,168877,6,5,6
2390,168877,6,5,6
2391,168877,6,5,6
2392,168877,6,5,6
2393,168877,6,5,6
2394,168877,6,5,6
2395,168877,6,5,6
2396,168877,6,5,6
2397,168877,6,5,6
2398,168877,6,5,6
2399,168877,6,5,6
2400,168877,6,5,6
2401,168877,6,5,6
2402,168877,6,5,6
2403,168877,6,5,6
2404,168877,6,5,6
2405,168877,6,5,6
2406,168877,6,5,6
2407,168877,6,5,6
2408,168877,6,5,6
2409,168877,6,5,6
2410,168877,6,5,6
2411,168877,6,5,6
2412,168877,6,5,6
2413,168877,6,5,6
2414,168877,6,5,6
2415,168877,6,5,6
2416,168877,6,5,6
2417,168877,6,5,6
2418,168877,6,5,6
2419,168877,6,5,6
2420,168877,6,5,6
2421,168877,6,5,6
2422,168877,6,5,6
2423,168877,6,5,6
2424,168877,6,5,6
2425,168877,6,5,6
2426,168877,6,5,6
2427,168877,6,5,6
2428,168877,6,5,6
2429,168877,6,5,6
2430,168877,6,5,6
2431,168877,6,5,6
2432,168877,6,5,6
2433,168877,6,5,6
2434,168877,6,5,6
2435,168877,6,5,6
2436,168877,6,6,6
2437,168877,6,5,6
2438,168877,6,5,6
2439,168877,6,5,6
2440,168877,6,5,6
2441,168877,6,5,6
2442,168877,6,5,6
2443,168877,6,5,6
2444,168877,6,5,6
2445,168877,6,5,6
2446,168877,6,5,6
2447,168877,6,5,6
2448,168877,6,5,6
2449,168877,6,5,6
2450,168877,6,5,6
2451,168877,6,5,6
2452,168877,6,5,6
2453,168877,6,5,6
2454,168877,6,5,6
2455,168877,6,5,6
2456,168877,6,5,6
2457,168877,6,5,6
2458,168877,6,5,6
2459,168877,6,5,6
2460,168877,6,5,6
2461,168877,6,5,5
2462,168877,6,5,6
2463,168877,5,5,6
2464,168877,6,5,5
2465,168877,6,5,6
2466,168877,6,5,6
2467,168877,6,5,6
2468,168877,6,5,6
2469,168877,6,5,6
2470,168877,6,5,6
2471,168877,6,5,5
2472,168877,6,5,6
2473,168877,6,5,6
2474,168877,6,5,6
2475,168877,6,5,6
2476,168877,6,5,6
2477,168877,6,5,6
2478,168877,6,5,6
2479,168877,6,5,6
2480,168877,6,5,6
2481,168877,6,5,6
2482,168877,6,5,6
2483,168877,6,5,6
2484,168877,6,5,6
2485,168877,6,5,6
2486,168877,6,5,6
2487,168877,6,5,5
2488,168877,6,5,6
2489,168877,6,5,6
2490,168877,6,5,6
2491,168877,6,5,6
2492,168877,6,5,6
2493,168877,6,5,5
2494,168877,6,5,6
2495,168877,6,5,6
2496,168877,6,5,6
2497,168877,6,5,6
2498,168877,6,5,6
2499,168877,6,5,6
2500,168877,6,5,6
2501,168877,6,5,6
2502,168877,6,5,6
2503,168877,6,5,6
2504,168877,6,5,6
2505,168877,6,5,6
2506,168877,6,5,6
2507,168877,6,5,6
2508,168877,6,5,6
2509,168877,6,5,6
2510,168877,6,5,6
2511,168877,6,5,6
2512,168877,6,5,6
2513,168877,6,5,6
2514,168877,6,5,6
2515,168877,6,5,6
2516,168877,6,5,6
2517,168877,6,5,6
2518,168877,6,5,6
2519,168877,6,5,6
2520,168877,6,5,6
2521,168877,6,5,6
2522,168877,6,5,6
2523,168877,6,5,6
2524,168877,6,5,6
2525,168877,6,5,6
2526,168877,6,5,5
2527,168877,6,5,6
2528,168877,6,5,6
2529,168877,6,5,6
2530,168877,6,5,6
2531,168877,6,5,6
2532,168877,6,5,6
2533,168877,6,5,6
2534,168877,6,5,6
2535,168877,6,5,6
2536,168877,6,5,6
2537,168877,6,5,5
2538,168877,6,5,6
2539,168877,6,5,6
2540,168877,6,5,6
2541,168877,6,5,6
2542,168877,6,5,6
2543,168877,6,5,6
2544,168877,6,5,6
2545,168877,6,5,6
2546,168877,6,5,6
2547,168877,6,5,6
2548,168877,6,5,6
2549,168877,6,5,6
2550,168877,5,5,6
2551,168877,6,5,6
2552,168877,6,5,6
2553,168877,6,5,6
2554,168877,6,5,6
2555,168877,6,5,6
2556,168877,6,5,6
2557,168877,6,5,5
2558,168877,6,5,6
2559,168877,6,5,6
2560,168877,6,5,6
2561,168877,6,5,6
2562,168877,6,5,6
2563,168877,6,5,6
2564,168877,6,5,6
2565,168877,6,5,6
2566,168877,6,5,6
2567,168877,6,5,5
2568,168877,6,5,6
2569,168877,6,5,6
2570,168877,6,5,6
2571,168877,6,5,6
2572,168877,6,5,5
2573,168877,6,5,6
2574,168877,6,5,6
2575,168877,6,5,6
2576,168877,6,5,6
2577,168877,6,5,5
2578,168877,6,5,6
2579,168877,6,5,6
2580,168877,6,5,6
2581,168877,6,5,6
2582,168877,6,5,6
2583,168877,6,5,6
2584,168877,6,5,6
2585,168877,6,5,6
2586,168877,6,5,6
2587,168877,6,5,5
2588,168877,6,5,5
2589,168877,6,5,6
2590,168877,6,5,6
2591,168877,6,5,6
2592,168877,6,5,6
2593,168877,6,5,5
2594,168877,6,5,6
2595,168877,6,5,6
2596,168877,6,5,6
2597,168877,6,5,6
2598,168877,6,5,6
2599,168877,5,5,6
2600,168877,6,5,6
2601,168877,6,5,5
2602,168877,6,5,5
2603,168877,6,5,6
2604,168877,6,5,6
2605,168877,5,5,6
2606,168877,5,5,6
2607,168877,6,5,6
2608,168877,6,5,6
2609,168877,6,5,6
2610,168877,6,5,6
2611,168877,6,5,6
2612,168877,6,5,6
2613,168877,6,5,6
2614,168877,6,5,6
2615,168877,6,5,6
2616,168877,6,5,6
2617,168877,6,5,6
2618,168877,6,5,6
2619,168877,6,5,6
2620,168877,6,5,6
2621,168877,6,5,6
2622,168877,6,5,5
2623,168877,6,5,5
2624,168877,6,5,6
2625,168877,5,5,6
2626,168877,6,5,6
2627,168877,5,5,6
2628,168877,6,5,6
2629,168877,6,5,6
2630,168877,6,5,6
2631,168877,6,5,6
2632,168877,6,5,6
2633,168877,6,5,5
2634,168877,6,5,6
2635,168877,6,5,6
2636,168877,6,5,6
2637,168877,6,5,5
2638,168877,6,5,6
2639,168877,6,5,6
2640,168877,6,5,6
2641,168877,6,5,6
2642,168877,6,5,5
2643,168877,6,5,6
2644,168877,5,5,6
2645,168877,6,5,6
2646,168877,6,5,6
2647,168877,6,5,6
2648,168877,6,5,6
2649,168877,5,5,6
2650,168877,6,5,6
2651,168877,6,5,6
2652,168877,6,5,6
2653,168877,6,5,6
2654,168877,6,5,6
2655,168877,5,5,6
2656,168877,6,5,6
2657,168877,6,5,6
2658,168877,6,5,6
2659,168877,6,5,6
2660,168877,6,5,6
2661,168877,6,5,6
2662,168877,6,5,6
2663,168877,6,5,6
2664,168877,6,5,6
2665,168877,6,5,6
2666,168877,6,5,6
2667,168877,6,5,6
2668,168877,6,5,6
2669,168877,6,5,6
2670,168877,6,5,5
2671,168877,6,5,6
2672,168877,6,5,6
2673,168877,6,5,6
2674,168877,5,5,6
2675,168877,6,5,6
2676,168877,6,5,6
2677,168877,6,5,6
2678,168877,6,5,6
2679,168877,6,5,6
2680,168877,6,5,6
2681,168877,6,5,6
2682,168877,6,5,6
2683,168877,6,5,6
2684,168877,6,5,5
2685,168877,6,5,6
2686,168877,6,5,6
2687,168877,6,6,6
2688,168877,6,5,6
2689,168877,6,5,6
2690,168877,6,5,6
2691,168877,6,5,6
2692,168877,6,5,6
2693,168877,6,5,6
2694,168877,6,5,6
2695,168877,6,5,6
2696,168877,6,5,6
2697,168877,6,6,6
2698,168877,6,5,6
2699,168877,6,5,6
2700,168877,6,5,6
2701,168877,6,5,6
2702,168877,6,5,6
2703,168877,6,5,6
2704,168877,6,5,6
2705,168877,6,5,6
2706,168877,6,5,6
2707,168877,6,5,6
2708,168877,6,5,6
2709,168877,6,5,6
2710,168877,6,5,6
2711,168877,6,5,6
2712,168877,6,5,6
2713,168877,6,5,6
2714,168877,6,5,6
2715,168877,6,5,6
2716,168877,6,5,6
2717,168877,6,5,6
2718,168877,6,5,6
2719,168877,6,5,6
2720,168877,6,5,6
2721,168877,6,5,6
2722,168877,6,5,6
2723,168877,6,5,6
2724,168877,6,5,6
2725,168877,6,5,6
2726,168877,6,5,6
2727,168877,6,5,6
2728,168877,6,5,6
2729,168877,6,6,6
2730,168877,6,5,6
2731,168877,6,5,6
2732,168877,6,5,6
2733,168877,6,5,6
2734,168877,6,5,6
2735,168877,6,5,6
2736,168877,6,5,6
2737,168877,6,5,6
2738,168877,6,5,6
2739,168877,6,5,6
2740,168877,6,5,6
2741,168877,6,5,6
2742,168877,6,5,6
2743,168877,6,5,6
2744,168877,6,5,6
2745,168877,6,5,6
2746,168877,6,5,6
2747,168877,6,5,6
2748,168877,6,5,6
2749,168877,6,5,6
2750,168877,6,5,6
2751,168877,6,5,6
2752,168877,6,5,6
2753,168877,6,5,6
2754,168877,6,5,6
2755,168877,6,5,6
2756,168877,6,5,6
2757,168877,6,5,6
2758,168877,6,5,6
2759,168877,6,5,6
2760,168877,6,5,6
2761,168877,6,5,6
2762,168877,6,5,6
2763,168877,6,5,6
2764,168877,6,5,6
2765,168877,6,5,6
2766,168877,6,5,6
2767,168877,6,5,6
2768,168877,6,5,6
2769,168877,6,5,6
2770,168877,6,5,6
2771,168877,6,5,6
2772,168877,6,5,6
2773,168877,6,5,6
2774,168877,6,5,6
2775,168877,6,5,6
2776,168877,6,5,6
2777,168877,6,5,6
2778,168877,6,5,6
2779,168877,6,5,6
2780,168877,6,5,6
2781,168877,6,5,6
2782,168877,6,5,6
2783,168877,6,5,6
2784,168877,6,5,6
2785,168877,6,5,6
2786,168877,6,5,6
2787,168877,6,5,6
2788,168877,6,5,6
2789,168877,6,5,6
2790,168877,6,5,6
2791,168877,6,5,6
2792,168877,6,5,6
2793,168877,6,5,6
2794,168877,6,5,6
2795,168877,6,5,6
2796,168877,6,5,6
2797,168877,6,5,6
2798,168877,6,5,6
2799,168877,6,5,6
2800,168877,6,5,6
2801,168877,6,5,6
2802,168877,6,5,6
2803,168877,6,5,6
2804,168877,6,5,6
2805,168877,6,5,6
2806,168877,6,5,6
2807,168877,6,5,6
2808,168877,6,5,6
2809,168877,6,5,6
2810,168877,6,5,6
2811,168877,6,5,6
2812,168877,6,5,6
2813,168877,6,5,6
2814,168877,6,5,6
2815,168877,5,5,6
2816,168877,6,5,6
2817,168877,6,5,6
2818,168877,6,5,5
2819,168877,6,5,6
2820,168877,6,5,6
2821,168877,6,5,6
2822,168877,6,5,5
2823,168877,6,5,6
2824,168877,6,5,6
2825,168877,6,5,6
2826,168877,6,5,6
2827,168877,6,5,6
2828,168877,6,5,6
2829,168877,5,5,6
2830,168877,6,5,6
2831,168877,6,5,5
2832,168877,6,5,6
2833,168877,6,5,6
2834,168877,6,5,6
2835,168877,6,5,6
2836,168877,6,5,6
2837,168877,6,5,6
2838,168877,6,5,6
2839,168877,6,5,6
2840,168877,6,5,6
2841,168877,6,5,6
2842,168877,6,5,6
2843,168877,6,5,6
2844,168877,6,5,6
2845,168877,6,5,6
2846,168877,6,5,6
2847,168877,6,5,5
2848,168877,6,5,6
2849,168877,6,5,6
2850,168877,6,5,6
2851,168877,6,5,6
2852,168877,6,5,6
2853,168877,6,5,6
2854,168877,6,5,6
2855,168877,6,5,6
2856,168877,6,5,6
2857,168877,6,5,6
2858,168877,6,5,6
2859,168877,6,5,6
2860,168877,6,5,6
2861,168877,6,5,6
2862,168877,6,5,6
2863,168877,6,5,6
2864,168877,6,5,6
2865,168877,6,5,6
2866,168877,6,5,6
2867,168877,6,5,6
2868,168877,6,5,6
2869,168877,6,5,6
2870,168877,6,5,6
2871,168877,6,5,6
2872,168877,6,6,6
2873,168877,6,5,6
2874,168877,6,5,6
2875,168877,6,5,6
2876,168877,6,5,6
2877,168877,6,5,6
2878,168877,6,5,6
2879,168877,6,5,6
2880,168877,6,5,6
2881,168877,6,5,6
2882,168877,6,5,5
2883,168877,6,5,6
2884,168877,6,5,6
2885,168877,6,5,6
2886,168877,6,5,6
2887,168877,6,5,6
2888,168877,6,5,6
2889,168877,6,5,6
2890,168877,6,5,6
2891,168877,6,5,6
2892,168877,6,5,6
2893,168877,6,5,6
2894,168877,6,5,6
2895,168877,6,5,5
2896,168877,6,5,5
2897,168877,6,5,6
2898,168877,6,5,6
2899,168877,6,5,6
2900,168877,6,5,6
2901,168877,6,5,6
2902,168877,6,5,6
2903,168877,6,5,6
2904,168877,6,5,6
2905,168877,6,5,6
2906,168877,6,5,5
2907,168877,6,5,6
2908,168877,6,5,6
2909,168877,6,5,6
2910,168877,6,5,6
2911,168877,6,5,6
2912,168877,6,5,6
2913,168877,6,5,6
2914,168877,6,5,6
2915,168877,6,5,6
2916,168877,6,5,6
2917,168877,6,5,6
2918,168877,6,5,6
2919,168877,6,5,6
2920,168877,6,5,6
2921,168877,6,6,6
2922,168877,6,5,6
2923,168877,6,5,6
2924,168877,6,5,6
2925,168877,6,5,6
2926,168877,6,5,6
2927,168877,6,5,6
2928,168877,6,5,6
2929,168877,6,6,6
2930,168877,6,5,6
2931,168877,6,5,6
2932,168877,5,5,6
2933,168877,6,5,6
2934,168877,6,5,6
2935,168877,6,5,6
2936,168877,6,5,6
2937,168877,6,5,6
2938,168877,6,5,6
2939,168877,6,5,6
2940,168877,6,5,6
2941,168877,6,5,6
2942,168877,6,5,6
2943,168877,6,5,6
2944,168877,6,5,6
2945,168877,6,5,6
2946,168877,6,5,6
2947,168877,6,5,6
2948,168877,6,5,6
2949,168877,6,5,6
2950,168877,6,5,6
2951,168877,6,5,6
2952,168877,6,5,6
2953,168877,6,5,6
2954,168877,6,5,6
2955,168877,6,5,6
2956,168877,6,5,6
2957,168877,6,5,6
2958,168877,6,5,6
2959,168877,6,5,5
2960,168877,6,5,6
2961,168877,6,5,6
2962,168877,6,5,6
2963,168877,6,5,6
2964,168877,6,5,6
2965,168877,6,5,6
2966,168877,6,5,6
2967,168877,6,5,6
2968,168877,6,5,6
2969,168877,6,5,6
2970,168877,5,5,6
2971,168877,6,5,6
2972,168877,6,5,6
2973,168877,6,5,6
2974,168877,6,5,6
2975,168877,6,5,6
2976,168877,6,5,6
2977,168877,6,5,6
2978,168877,6,5,6
2979,168877,6,5,6
2980,168877,6,5,6
2981,168877,6,5,6
2982,168877,6,5,6
2983,168877,6,5,6
2984,168877,6,6,6
2985,168877,6,5,6
2986,168877,6,5,6
2987,168877,6,5,6
2988,168877,6,5,6
2989,168877,6,5,6
2990,168877,6,5,6
2991,168877,6,5,6
2992,168877,6,5,6
2993,168877,6,5,6
2994,168877,6,5,6
2995,168877,6,5,6
2996,168877,6,5,6
2997,168877,6,5,6
2998,168877,6,5,6
2999,168877,6,5,6
3000,168877,6,5,6
3001,168877,6,5,6
3002,168877,6,5,6
3003,168877,6,5,6
3004,168877,6,5,6
3005,168877,6,5,6
3006,168877,6,5,6
3007,168877,6,5,6
3008,168877,6,5,6
3009,168877,6,5,6
3010,168877,6,5,6
3011,168877,6,5,6
3012,168877,6,5,6
3013,168877,6,5,6
3014,168877,6,5,6
3015,168877,6,5,6
3016,168877,6,5,6
3017,168877,6,5,6
3018,168877,6,5,6
3019,168877,6,5,6
3020,168877,6,5,6
3021,168877,6,5,6
3022,168877,6,5,6
3023,168877,6,5,6
3024,168877,6,5,6
3025,168877,6,5,6
3026,168877,6,5,6
3027,168877,6,5,6
3028,168877,6,5,6
3029,168877,6,5,6
3030,168877,6,5,6
3031,168877,6,5,6
3032,168877,6,5,6
3033,168877,6,5,6
3034,168877,6,5,6
3035,168877,6,5,6
3036,168877,6,5,6
3037,168877,6,6,6
3038,168877,6,5,6
3039,168877,6,5,6
3040,168877,6,5,6
3041,168877,6,6,6
3042,168877,6,5,6
3043,168877,6,5,6
3044,168877,6,5,6
3045,168877,6,5,6
3046,168877,6,5,6
3047,168877,6,5,6
3048,168877,6,5,6
3049,168877,6,5,6
3050,168877,6,5,6
3051,168877,6,5,6
3052,168877,6,5,6
3053,168877,6,5,6
3054,168877,6,5,6
3055,168877,6,5,6
3056,168877,6,5,6
3057,168877,6,5,6
3058,168877,6,5,6
3059,168877,6,5,6
3060,168877,6,5,6
3061,168877,6,5,6
3062,168877,6,5,6
3063,168877,6,5,6
3064,168877,6,5,6
3065,168877,6,5,6
3066,168877,6,5,6
3067,168877,6,5,6
3068,168877,6,5,6
3069,168877,6,5,6
3070,168877,6,5,6
3071,168877,5,5,6
3072,168877,6,5,6
3073,168877,6,5,6
3074,168877,6,5,6
3075,168877,6,5,6
3076,168877,6,5,6
3077,168877,6,5,6
3078,168877,6,5,6
3079,168877,6,5,6
3080,168877,6,5,6
3081,168877,6,5,6
3082,168877,6,5,6
3083,168877,6,5,6
3084,168877,6,5,6
3085,168877,6,5,6
3086,168877,6,5,6
3087,168877,6,5,6
3088,168877,6,5,6
3089,168877,6,5,6
3090,168877,6,5,6
3091,168877,6,5,6
3092,168877,6,5,6
3093,168877,6,5,6
3094,168877,6,5,6
3095,168877,6,5,6
3096,168877,6,5,6
3097,168877,6,5,6
3098,168877,6,5,6
3099,168877,6,5,6
3100,168877,6,5,6
3101,168877,6,5,6
3102,168877,6,5,6
3103,168877,6,5,5
3104,168877,6,5,6
3105,168877,5,5,6
3106,168877,6,5,6
3107,168877,6,5,6
3108,168877,6,5,6
3109,168877,6,5,6
3110,168877,6,5,6
3111,168877,6,5,6
3112,168877,6,5,6
3113,168877,6,5,6
3114,168877,6,5,6
3115,168877,6,5,6
3116,168877,6,5,6
3117,168877,6,5,6
3118,168877,6,5,6
3119,168877,6,5,6
3120,168877,6,5,6
3121,168877,6,5,6
3122,168877,6,5,6
3123,168877,6,5,6
3124,168877,6,5,6
3125,168877,6,5,6
3126,168877,6,5,6
3127,168877,6,5,6
3128,168877,6,5,6
3129,168877,6,5,6
3130,168877,6,5,6
3131,168877,6,5,6
3132,168877,6,5,6
3133,168877,6,5,6
3134,168877,6,5,6
3135,168877,6,5,6
3136,168877,6,5,6
3137,168877,6,5,6
3138,168877,6,5,6
3139,168877,6,5,6
3140,168877,6,5,6
3141,168877,6,5,6
3142,168877,6,5,6
3143,168877,6,5,6
3144,168877,6,5,5
3145,168877,6,5,6
3146,168877,6,5,6
3147,168877,6,5,5
3148,168877,6,5,6
3149,168877,6,5,5
3150,168877,6,5,6
3151,168877,6,5,6
3152,168877,6,5,6
3153,168877,6,5,6
3154,168877,6,5,6
3155,168877,6,5,6
3156,168877,6,5,6
3157,168877,6,5,5
3158,168877,6,5,5
3159,168877,6,5,6
3160,168877,6,5,6
3161,168877,6,5,5
3162,168877,6,5,6
3163,168877,6,5,6
3164,168877,6,5,6
3165,168877,6,5,6
3166,168877,6,5,6
3167,168877,6,5,6
3168,168877,5,5,6
3169,168877,6,5,6
3170,168877,6,5,6
3171,168877,6,5,6
3172,168877,6,5,5
3173,168877,6,5,6
3174,168877,6,5,6
3175,168877,6,5,5
3176,168877,6,5,6
3177,168877,6,5,6
3178,168877,6,5,6
3179,168877,5,5,6
3180,168877,6,5,6
3181,168877,6,5,6
3182,168877,6,5,6
3183,168877,6,5,5
3184,168877,6,5,6
3185,168877,6,5,6
3186,168877,6,5,5
3187,168877,6,5,5
3188,168877,6,5,6
3189,168877,6,5,6
3190,168877,6,5,6
3191,168877,5,5,6
3192,168877,6,5,5
3193,168877,6,5,6
3194,168877,6,5,6
3195,168877,6,5,6
3196,168877,6,5,6
3197,168877,6,5,6
3198,168877,6,5,6
3199,168877,6,5,6
3200,168877,5,5,6
3201,168877,5,5,6
3202,168877,6,5,6
3203,168877,6,5,6
3204,168877,6,5,5
3205,168877,6,5,5
3206,168877,6,5,5
3207,168877,6,5,6
3208,168877,6,5,6
3209,168877,6,5,6
3210,168877,6,5,6
3211,168877,6,5,6
3212,168877,6,5,6
3213,168877,5,5,6
3214,168877,6,5,5
3215,168877,6,5,6
3216,168877,6,5,6
3217,168877,5,5,6
3218,168877,6,5,6
3219,168877,6,5,6
3220,168877,6,5,6
3221,168877,6,5,6
3222,168877,5,5,6
3223,168877,5,5,6
3224,168877,6,5,5
3225,168877,6,5,5
3226,168877,6,5,6
3227,168877,5,5,6
3228,168877,6,5,6
3229,168877,6,5,6
3230,168877,6,5,5
3231,168877,6,5,6
3232,168877,5,5,6
3233,168877,5,5,6
3234,168877,6,5,6
3235,168877,6,5,5
3236,168877,6,5,6
3237,168877,6,5,6
3238,168877,6,5,6
3239,168877,5,5,6
3240,168877,5,5,6
3241,168877,6,5,6
3242,168877,6,5,5
3243,168877,6,5,6
3244,168877,6,5,6
3245,168877,6,5,6
3246,168877,6,5,5
3247,168877,6,5,6
3248,168877,6,5,6
3249,168877,6,5,6
3250,168877,6,5,5
3251,168877,6,5,5
3252,168877,6,5,6
3253,168877,6,5,6
3254,168877,6,5,6
3255,168877,6,5,6
3256,168877,6,5,6
3257,168877,6,5,6
3258,168877,5,5,6
3259,168877,6,5,6
3260,168877,6,5,6
3261,168877,6,5,5
3262,168877,6,5,6
3263,168877,6,5,6
3264,168877,6,5,5
3265,168877,6,5,6
3266,168877,5,5,6
3267,168877,5,5,6
3268,168877,5,5,6
3269,168877,6,6,6
3270,168877,6,5,5
3271,168877,5,5,6
3272,168877,6,5,6
3273,168877,6,5,6
3274,168877,6,5,6
3275,168877,6,5,5
3276,168877,6,5,6
3277,168877,6,5,5
3278,168877,6,5,6
3279,168877,6,5,5
3280,168877,6,5,6
3281,168877,5,5,6
3282,168877,6,5,6
3283,168877,6,5,6
3284,168877,5,5,6
3285,168877,6,5,6
3286,168877,6,5,6
3287,168877,6,5,6
3288,168877,6,5,6
3289,168877,5,5,6
3290,168877,6,5,5
3291,168877,6,5,6
3292,168877,6,5,6
3293,168877,6,5,6
3294,168877,5,5,6
3295,168877,5,5,6
3296,168877,6,5,6
3297,168877,6,5,6
3298,168877,6,5,6
3299,168877,6,5,6
3300,168877,6,5,6
3301,168877,6,5,6
3302,168877,6,5,5
3303,168877,6,5,6
3304,168877,6,5,6
3305,168877,6,5,6
3306,168877,6,5,5
3307,168877,6,5,6
3308,168877,5,5,6
3309,168877,5,5,6
3310,168877,5,5,5
3311,168877,6,5,5
3312,168877,6,5,6
3313,168877,6,5,5
3314,168877,6,5,5
3315,168877,6,5,6
3316,168877,5,5,6
3317,168877,6,5,6
3318,168877,6,5,6
3319,168877,5,5,6
3320,168877,6,5,5
3321,168877,6,5,5
3322,168877,6,5,6
3323,168877,6,5,6
3324,168877,6,5,6
3325,168877,5,5,6
3326,168877,6,5,5
3327,168877,6,5,6
3328,168877,6,5,6
3329,168877,5,5,6
3330,168877,6,5,5
3331,168877,6,5,6
3332,168877,6,5,6
3333,168877,6,5,6
3334,168877,6,5,5
3335,168877,6,5,6
3336,168877,6,5,6
3337,168877,6,5,6
3338,168877,6,5,6
3339,168877,6,5,6
3340,168877,6,5,6
3341,168877,6,5,6
3342,168877,6,5,5
3343,168877,6,5,6
3344,168877,6,5,6
3345,168877,6,5,6
3346,168877,6,5,6
3347,168877,5,5,6
3348,168877,6,5,5
3349,168877,6,5,6
3350,168877,6,5,6
3351,168877,6,5,6
3352,168877,5,5,6
3353,168877,6,5,6
3354,168877,6,5,6
3355,168877,6,5,6
3356,168877,5,5,6
3357,168877,6,5,5
3358,168877,6,5,6
3359,168877,6,5,6
3360,168877,6,5,6
3361,168877,6,5,6
3362,168877,6,5,5
3363,168877,6,5,6
3364,168877,6,5,6
3365,168877,6,5,6
3366,168877,6,5,6
3367,168877,6,5,6
3368,168877,6,5,5
3369,168877,6,5,6
3370,168877,6,5,5
3371,168877,6,5,5
3372,168877,6,5,5
3373,168877,6,5,6
3374,168877,6,5,6
3375,168877,6,5,6
3376,168877,6,5,6
3377,168877,6,5,5
3378,168877,6,5,6
3379,168877,6,5,6
3380,168877,6,5,6
3381,168877,6,5,6
3382,168877,6,5,6
3383,168877,6,5,6
3384,168877,6,5,6
3385,168877,6,5,6
3386,168877,5,5,6
3387,168877,6,5,6
3388,168877,5,5,6
3389,168877,6,5,6
3390,168877,6,5,6
3391,168877,6,5,6
3392,168877,6,5,6
3393,168877,6,5,6
3394,168877,6,5,6
3395,168877,6,5,6
3396,168877,5,5,6
3397,168877,6,5,6
3398,168877,6,5,6
3399,168877,6,5,6
3400,168877,6,5,6
3401,168877,6,5,6
3402,168877,6,5,6
3403,168877,6,5,6
3404,168877,6,5,6
3405,168877,6,5,6
3406,168877,6,5,5
3407,168877,6,5,6
3408,168877,6,5,6
3409,168877,6,5,6
3410,168877,6,5,6
3411,168877,6,5,5
3412,168877,6,5,6
3413,168877,6,5,6
3414,168877,6,5,6
3415,168877,6,5,6
3416,168877,6,5,5
3417,168877,6,5,6
3418,168877,6,5,6
3419,168877,6,5,5
3420,168877,6,5,6
3421,168877,6,5,6
3422,168877,6,5,6
3423,168877,6,5,6
3424,168877,6,5,6
3425,168877,6,5,6
3426,168877,5,5,6
3427,168877,6,5,6
3428,168877,5,5,6
3429,168877,6,5,6
3430,168877,6,5,5
3431,168877,6,5,6
3432,168877,6,5,5
3433,168877,6,5,6
3434,168877,6,5,6
3435,168877,6,5,6
3436,168877,6,5,6
3437,168877,6,5,6
3438,168877,6,5,6
3439,168877,6,5,6
3440,168877,6,5,6
3441,168877,6,5,5
3442,168877,6,5,6
3443,168877,6,5,6
3444,168877,6,5,6
3445,168877,6,5,6
3446,168877,6,5,6
3447,168877,6,5,6
3448,168877,6,5,6
3449,168877,6,5,6
3450,168877,6,5,6
3451,168877,6,5,5
3452,168877,6,5,6
3453,168877,6,5,6
3454,168877,6,5,6
3455,168877,6,5,6
3456,168877,6,5,6
3457,168877,6,5,6
3458,168877,5,5,6
3459,168877,6,5,6
3460,168877,6,5,5
3461,168877,6,5,6
3462,168877,6,5,6
3463,168877,6,5,6
3464,168877,6,5,6
3465,168877,6,5,6
3466,168877,6,5,6
3467,168877,6,5,6
3468,168877,5,5,6
3469,168877,6,5,6
3470,168877,6,5,6
3471,168877,6,5,6
3472,168877,6,5,5
3473,168877,6,5,6
3474,168877,6,5,6
3475,168877,6,5,5
3476,168877,6,5,6
3477,168877,6,5,6
3478,168877,5,5,6
3479,168877,6,5,6
3480,168877,6,5,5
3481,168877,6,5,6
3482,168877,6,5,6
3483,168877,6,5,6
3484,168877,6,5,6
3485,168877,6,5,6
3486,168877,6,5,6
3487,168877,6,5,6
3488,168877,6,5,6
3489,168877,6,5,6
3490,168877,5,5,6
3491,168877,6,5,6
3492,168877,6,5,6
3493,168877,6,5,5
3494,168877,6,5,6
3495,168877,6,5,6
3496,168877,5,5,6
3497,168877,6,5,6
3498,168877,6,5,5
3499,168877,6,5,6
3500,168877,6,5,6
3501,168877,6,5,5
3502,168877,6,5,6
3503,168877,6,5,5
3504,168877,6,5,6
3505,168877,6,5,6
3506,168877,6,5,6
3507,168877,6,5,5
3508,168877,6,5,5
3509,168877,6,5,6
3510,168877,6,5,6
3511,168877,6,5,6
3512,168877,6,5,6
3513,168877,6,5,6
3514,168877,5,5,6
3515,168877,6,5,6
3516,168877,6,5,5
3517,168877,6,5,6
3518,168877,6,5,6
3519,168877,6,5,6
3520,168877,6,5,5
3521,168877,6,5,6
3522,168877,5,5,6
3523,168877,6,5,5
3524,168877,6,5,5
3525,168877,6,5,6
3526,168877,6,5,6
3527,168877,5,5,6
3528,168877,6,5,6
3529,168877,6,5,6
3530,168877,6,5,6
3531,168877,5,5,6
3532,168877,6,5,6
3533,168877,6,5,6
3534,168877,6,5,5
3535,168877,6,5,6
3536,168877,5,5,6
3537,168877,6,5,6
3538,168877,6,5,6
3539,168877,6,5,6
3540,168877,6,5,5
3541,168877,6,5,6
3542,168877,6,5,6
3543,168877,5,5,6
3544,168877,5,5,6
3545,168877,6,5,5
3546,168877,6,5,6
3547,168877,6,5,6
3548,168877,5,5,6
3549,168877,5,5,6
3550,168877,6,5,6
3551,168877,6,5,5
3552,168877,6,5,6
3553,168877,5,5,6
3554,168877,6,5,6
3555,168877,6,5,6
3556,168877,6,5,6
3557,168877,6,5,6
3558,168877,6,5,6
3559,168877,5,5,6
3560,168877,6,5,5
3561,168877,6,5,6
3562,168877,6,5,6
3563,168877,5,5,6
3564,168877,5,5,6
3565,168877,6,5,6
3566,168877,6,5,6
3567,168877,6,5,6
3568,168877,5,5,6
3569,168877,5,5,6
3570,168877,6,5,5
3571,168877,6,5,6
3572,168877,6,5,6
3573,168877,5,5,6
3574,168877,5,5,6
3575,168877,6,5,6
3576,168877,6,5,6
3577,168877,6,5,6
3578,168877,6,5,5
3579,168877,6,5,6
3580,168877,6,5,6
3581,168877,6,5,5
3582,168877,6,5,6
3583,168877,6,5,6
3584,168877,6,5,6
3585,168877,6,5,6
3586,168877,5,5,6
3587,168877,5,5,6
3588,168877,6,5,5
3589,168877,6,5,6
3590,168877,6,5,6
3591,168877,5,5,6
3592,168877,6,5,6
3593,168877,6,5,6
3594,168877,6,5,6
3595,168877,5,5,6
3596,168877,5,5,6
3597,168877,6,5,6
3598,168877,6,5,6
3599,168877,6,5,6
3600,168877,6,5,6
3601,168877,6,5,6
3602,168877,5,5,6
3603,168877,6,5,6
3604,168877,6,5,6
3605,168877,6,5,6
3606,168877,5,5,6
3607,168877,5,5,6
3608,168877,6,5,6
3609,168877,6,5,5
3610,168877,6,5,6
3611,168877,5,5,6
3612,168877,6,5,5
3613,168877,6,5,6
3614,168877,6,5,6
3615,168877,6,5,5
3616,168877,6,5,5
3617,168877,6,5,6
3618,168877,6,5,5
3619,168877,6,5,6
3620,168877,6,5,6
3621,168877,5,5,6
3622,168877,6,5,6
3623,168877,6,5,6
3624,168877,5,5,6
3625,168877,6,5,6
3626,168877,6,5,6
3627,168877,6,5,5
3628,168877,6,5,6
3629,168877,6,5,6
3630,168877,5,5,6
3631,168877,6,5,5
3632,168877,6,5,6
3633,168877,5,5,6
3634,168877,6,5,6
3635,168877,5,5,6
3636,168877,6,5,5
3637,168877,6,5,6
3638,168877,6,5,6
3639,168877,5,5,6
3640,168877,6,5,6
3641,168877,6,5,6
3642,168877,6,5,6
3643,168877,6,5,6
3644,168877,5,5,6
3645,168877,6,5,6
3646,168877,6,5,6
3647,168877,6,5,6
3648,168877,5,5,6
3649,168877,6,5,6
3650,168877,5,5,5
3651,168877,6,5,6
3652,168877,6,5,6
3653,168877,6,5,6
3654,168877,6,5,6
3655,168877,6,5,6
3656,168877,5,5,6
3657,168877,6,5,6
3658,168877,6,5,6
3659,168877,6,5,6
3660,168877,6,5,5
3661,168877,6,5,6
3662,168877,6,5,5
3663,168877,6,5,6
3664,168877,6,5,6
3665,168877,6,5,6
3666,168877,6,5,5
3667,168877,6,5,6
3668,168877,5,5,6
3669,168877,6,5,6
3670,168877,6,5,6
3671,168877,5,5,5
3672,168877,6,5,6
3673,168877,5,5,6
3674,168877,6,5,5
3675,168877,6,5,6
3676,168877,5,5,5
3677,168877,6,5,6
3678,168877,6,5,6
3679,168877,6,5,5
3680,168877,5,5,6
3681,168877,6,5,6
3682,168877,5,5,6
3683,168877,6,5,6
3684,168877,6,5,6
3685,168877,6,5,6
3686,168877,6,5,6
3687,168877,6,5,5
3688,168877,6,5,5
3689,168877,6,5,6
3690,168877,6,5,6
3691,168877,6,5,6
3692,168877,6,5,6
3693,168877,6,5,6
3694,168877,6,5,6
3695,168877,5,5,6
3696,168877,5,5,6
3697,168877,6,5,6
3698,168877,6,5,6
3699,168877,6,5,6
3700,168877,6,5,5
3701,168877,6,5,6
3702,168877,5,5,6
3703,168877,6,5,5
3704,168877,6,5,6
3705,168877,5,5,6
3706,168877,6,5,6
3707,168877,6,5,6
3708,168877,6,5,6
3709,168877,6,5,6
3710,168877,6,5,6
3711,168877,6,5,6
3712,168877,6,5,6
3713,168877,6,5,6
3714,168877,6,5,6
3715,168877,6,5,6
3716,168877,5,5,6
3717,168877,6,5,6
3718,168877,5,5,6
3719,168877,5,5,6
3720,168877,6,5,6
3721,168877,6,5,6
3722,168877,6,5,5
3723,168877,6,5,5
3724,168877,6,5,6
3725,168877,6,5,6
3726,168877,6,5,5
3727,168877,6,5,6
3728,168877,6,5,6
3729,168877,6,5,6
3730,168877,6,5,6
3731,168877,6,5,5
3732,168877,6,5,5
3733,168877,6,5,6
3734,168877,5,5,6
3735,168877,5,5,5
3736,168877,6,5,6
3737,168877,5,5,6
3738,168877,6,5,6
3739,168877,6,5,6
3740,168877,5,5,6
3741,168877,6,5,5
3742,168877,6,5,6
3743,168877,6,5,5
3744,168877,6,5,6
3745,168877,6,5,6
3746,168877,5,5,5
3747,168877,6,5,6
3748,168877,5,5,6
3749,168877,5,5,6
3750,168877,6,5,5
3751,168877,6,5,6
3752,168877,6,5,6
3753,168877,6,5,6
3754,168877,6,5,6
3755,168877,6,5,6
3756,168877,6,5,6
3757,168877,6,5,5
3758,168877,6,5,6
3759,168877,6,5,5
3760,168877,6,5,6
3761,168877,6,5,6
3762,168877,6,5,6
3763,168877,6,5,6
3764,168877,6,5,6
3765,168877,5,5,6
3766,168877,6,5,5
3767,168877,6,5,6
3768,168877,5,5,6
3769,168877,6,5,6
3770,168877,6,5,6
3771,168877,6,5,6
3772,168877,6,5,6
3773,168877,6,5,6
3774,168877,6,5,5
3775,168877,6,5,5
3776,168877,6,5,6
3777,168877,6,5,5
3778,168877,6,5,6
3779,168877,6,5,6
3780,168877,6,5,5
3781,168877,6,5,6
3782,168877,6,5,6
3783,168877,6,5,6
3784,168877,5,5,6
3785,168877,6,5,6
3786,168877,6,5,6
3787,168877,6,5,6
3788,168877,6,5,6
3789,168877,6,5,6
3790,168877,5,5,6
3791,168877,5,5,6
3792,168877,5,5,5
3793,168877,6,5,5
3794,168877,6,5,5
3795,168877,6,5,6
3796,168877,5,5,6
3797,168877,5,5,6
3798,168877,6,5,5
3799,168877,6,5,6
3800,168877,6,5,5
3801,168877,6,5,6
3802,168877,6,5,6
3803,168877,6,5,6
3804,168877,6,5,6
3805,168877,5,5,6
3806,168877,5,5,6
3807,168877,6,5,6
3808,168877,6,5,6
3809,168877,5,5,6
3810,168877,6,5,6
3811,168877,6,5,6
3812,168877,6,5,6
3813,168877,6,5,5
3814,168877,6,5,6
3815,168877,6,5,5
3816,168877,5,5,6
3817,168877,5,5,6
3818,168877,6,5,5
3819,168877,6,5,5
3820,168877,6,5,6
3821,168877,6,5,6
3822,168877,6,5,6
3823,168877,5,5,6
3824,168877,6,5,5
3825,168877,6,5,5
3826,168877,6,5,6
3827,168877,6,5,6
3828,168877,5,5,5
3829,168877,6,5,6
3830,168877,6,5,6
3831,168877,6,5,6
3832,168877,6,5,6
3833,168877,5,5,6
3834,168877,6,5,5
3835,168877,6,5,5
3836,168877,6,5,6
3837,168877,6,5,6
3838,168877,6,5,6
3839,168877,6,5,5
3840,168877,6,5,6
3841,168877,6,5,6
3842,168877,6,5,6
3843,168877,6,5,6
3844,168877,6,5,6
3845,168877,6,5,6
3846,168877,6,5,6
3847,168877,6,5,6
3848,168877,6,5,6
3849,168877,5,5,6
3850,168877,5,5,6
3851,168877,6,5,6
3852,168877,6,5,6
3853,168877,6,5,6
3854,168877,5,6,6
3855,168877,6,5,6
3856,168877,6,5,6
3857,168877,6,5,6
3858,168877,5,5,6
3859,168877,6,5,6
3860,168877,6,5,6
3861,168877,5,5,6
3862,168877,5,5,6
3863,168877,6,5,5
3864,168877,6,5,6
3865,168877,6,6,6
3866,168877,6,5,6
3867,168877,6,5,6
3868,168877,6,5,6
3869,168877,6,5,5
3870,168877,6,5,6
3871,168877,6,5,6
3872,168877,6,5,6
3873,168877,6,5,6
3874,168877,6,5,6
3875,168877,5,5,6
3876,168877,6,5,6
3877,168877,6,5,5
3878,168877,6,5,5
3879,168877,6,5,6
3880,168877,6,5,6
3881,168877,6,6,6
3882,168877,6,5,6
3883,168877,5,5,6
3884,168877,5,5,6
3885,168877,6,5,6
3886,168877,6,5,6
3887,168877,6,5,6
3888,168877,6,5,6
3889,168877,6,5,6
3890,168877,6,5,6
3891,168877,6,5,5
3892,168877,6,5,5
3893,168877,6,5,6
3894,168877,6,5,6
3895,168877,6,5,5
3896,168877,6,5,6
3897,168877,6,5,5
3898,168877,6,5,6
3899,168877,6,5,6
3900,168877,6,5,6
3901,168877,5,5,6
3902,168877,6,5,6
3903,168877,6,5,5
3904,168877,5,5,6
3905,168877,6,5,6
3906,168877,6,5,6
3907,168877,6,5,6
3908,168877,6,5,5
3909,168877,6,5,6
3910,168877,6,5,6
3911,168877,6,5,5
3912,168877,6,5,6
3913,168877,6,5,6
3914,168877,5,5,6
3915,168877,5,5,6
3916,168877,6,5,6
3917,168877,6,5,6
3918,168877,6,5,5
3919,168877,6,5,6
3920,168877,6,5,6
3921,168877,6,5,6
3922,168877,6,5,6
3923,168877,6,5,6
3924,168877,6,5,6
3925,168877,6,5,6
3926,168877,5,5,6
3927,168877,6,5,5
3928,168877,6,5,6
3929,168877,5,5,6
3930,168877,6,5,6
3931,168877,6,5,5
3932,168877,6,5,6
3933,168877,5,5,6
3934,168877,5,5,6
3935,168877,6,5,6
3936,168877,6,5,6
3937,168877,5,5,6
3938,168877,6,5,6
3939,168877,6,5,6
3940,168877,6,5,6
3941,168877,6,5,6
3942,168877,6,5,6
3943,168877,6,5,6
3944,168877,6,5,5
3945,168877,6,5,6
3946,168877,6,5,6
3947,168877,5,5,6
3948,168877,6,5,6
3949,168877,6,5,6
3950,168877,6,5,5
3951,168877,6,5,6
3952,168877,6,5,6
3953,168877,6,5,6
3954,168877,5,5,6
3955,168877,6,5,6
3956,168877,6,5,5
3957,168877,6,5,5
3958,168877,6,5,5
3959,168877,6,5,6
3960,168877,6,5,6
3961,168877,6,5,5
3962,168877,6,5,6
3963,168877,6,5,6
3964,168877,6,5,6
3965,168877,6,5,6
3966,168877,6,5,6
3967,168877,6,5,6
3968,168877,6,5,6
3969,168877,5,5,6
3970,168877,6,5,6
3971,168877,6,5,6
3972,168877,6,5,6
3973,168877,6,5,5
3974,168877,6,5,6
3975,168877,6,5,6
3976,168877,6,5,6
3977,168877,5,5,6
3978,168877,6,5,6
3979,168877,6,5,6
3980,168877,6,5,6
3981,168877,6,5,5
3982,168877,6,5,6
3983,168877,6,5,6
3984,168877,6,5,5
3985,168877,6,5,6
3986,168877,6,5,6
3987,168877,6,5,5
3988,168877,6,5,6
3989,168877,6,5,6
3990,168877,6,5,6
3991,168877,6,5,6
3992,168877,6,5,6
3993,168877,6,5,5
3994,168877,6,5,5
3995,168877,6,5,6
3996,168877,5,5,6
3997,168877,6,5,6
3998,168877,6,5,6
3999,168877,6,5,6
4000,168877,6,5,6
4001,168877,6,5,6
4002,168877,6,5,6
4003,168877,6,5,6
4004,168877,6,5,6
4005,168877,6,5,6
4006,168877,6,5,6
4007,168877,6,5,6
4008,168877,6,5,6
4009,168877,6,5,6
4010,168877,6,5,6
4011,168877,6,5,6
4012,168877,6,5,6
4013,168877,6,5,6
4014,168877,6,5,6
4015,168877,6,5,6
4016,168877,6,5,6
4017,168877,6,5,6
4018,168877,6,5,6
4019,168877,6,5,6
4020,168877,6,5,6
4021,168877,6,5,5
4022,168877,6,5,6
4023,168877,6,5,6
4024,168877,6,5,6
4025,168877,6,5,6
4026,168877,6,5,6
4027,168877,6,5,6
4028,168877,6,5,6
4029,168877,6,5,6
4030,168877,6,5,6
4031,168877,6,5,6
4032,168877,5,5,6
4033,168877,5,5,6
4034,168877,6,5,6
4035,168877,6,5,5
4036,168877,6,5,6
4037,168877,6,5,5
4038,168877,6,5,6
4039,168877,6,5,6
4040,168877,6,5,6
4041,168877,5,5,6
4042,168877,6,5,5
4043,168877,6,5,5
4044,168877,6,5,6
4045,168877,6,5,6
4046,168877,5,5,6
4047,168877,6,5,6
4048,168877,6,5,6
4049,168877,6,5,6
4050,168877,6,5,5
4051,168877,6,5,6
4052,168877,5,5,6
4053,168877,6,5,6
4054,168877,6,5,6
4055,168877,6,5,6
4056,168877,6,5,6
4057,168877,6,5,6
4058,168877,6,5,6
4059,168877,6,5,5
4060,168877,6,5,6
4061,168877,6,5,6
4062,168877,6,5,6
4063,168877,5,5,6
4064,168877,6,5,5
4065,168877,6,5,6
4066,168877,6,5,6
4067,168877,6,5,5
4068,168877,6,5,5
4069,168877,6,5,6
4070,168877,6,5,6
4071,168877,6,5,6
4072,168877,5,5,5
4073,168877,6,5,6
4074,168877,6,5,5
4075,168877,6,5,6
4076,168877,6,5,6
4077,168877,5,5,6
4078,168877,6,5,6
4079,168877,6,5,6
4080,168877,6,5,5
4081,168877,6,5,6
4082,168877,6,5,6
4083,168877,6,5,6
4084,168877,6,5,5
4085,168877,6,5,6
4086,168877,5,5,6
4087,168877,6,5,6
4088,168877,6,5,6
4089,168877,6,5,5
4090,168877,6,5,6
4091,168877,6,5,6
4092,168877,6,5,5
4093,168877,6,5,5
4094,168877,6,5,6
4095,168877,6,5,6
4096,168877,6,5,5
4097,168877,6,5,6
4098,168877,6,5,6
4099,168877,6,5,6
4100,168877,6,5,5
4101,168877,6,5,5
4102,168877,6,5,6
4103,168877,5,5,6
4104,168877,6,5,6
4105,168877,5,5,6
4106,168877,5,5,5
4107,168877,6,5,5
4108,168877,6,5,5
4109,168877,6,5,6
4110,168877,6,5,6
4111,168877,6,5,6
4112,168877,6,5,6
4113,168877,6,5,6
4114,168877,6,5,6
4115,168877,6,5,6
4116,168877,6,5,6
4117,168877,5,5,6
4118,168877,6,5,6
4119,168877,6,5,6
4120,168877,6,5,6
4121,168877,5,5,6
4122,168877,6,5,6
4123,168877,6,5,6
4124,168877,6,5,5
4125,168877,6,5,6
4126,168877,6,5,6
4127,168877,6,5,6
4128,168877,6,5,6
4129,168877,6,5,5
4130,168877,6,5,6
4131,168877,5,5,6
4132,168877,6,5,5
4133,168877,6,5,6
4134,168877,6,5,6
4135,168877,6,5,5
4136,168877,6,5,6
4137,168877,6,5,5
4138,168877,6,5,5
4139,168877,6,5,6
4140,168877,6,5,6
4141,168877,6,5,5
4142,168877,6,5,6
4143,168877,6,5,6
4144,168877,6,5,6
4145,168877,6,5,6
4146,168877,6,5,5
4147,168877,6,5,6
4148,168877,6,5,6
4149,168877,5,5,6
4150,168877,6,5,5
4151,168877,6,5,5
4152,168877,6,5,6
4153,168877,6,5,5
4154,168877,6,5,6
4155,168877,6,5,6
4156,168877,5,5,6
4157,168877,6,5,6
4158,168877,6,5,6
4159,168877,6,5,6
4160,168877,6,5,6
4161,168877,5,5,6
4162,168877,6,5,6
4163,168877,6,5,6
4164,168877,6,5,6
4165,168877,6,5,6
4166,168877,6,5,6
4167,168877,5,5,6
4168,168877,6,5,5
4169,168877,6,5,5
4170,168877,6,5,5
4171,168877,6,5,5
4172,168877,6,5,6
4173,168877,6,5,6
4174,168877,6,5,6
4175,168877,5,5,5
4176,168877,6,5,6
4177,168877,5,5,6
4178,168877,6,5,6
4179,168877,6,5,6
4180,168877,6,5,6
4181,168877,6,5,6
4182,168877,5,5,6
4183,168877,6,5,6
4184,168877,6,5,5
4185,168877,6,5,5
4186,168877,6,5,5
4187,168877,6,5,6
4188,168877,6,5,6
4189,168877,6,5,5
4190,168877,6,5,5
4191,168877,6,5,5
4192,168877,6,5,6
4193,168877,5,5,6
4194,168877,6,5,6
4195,168877,6,5,6
4196,168877,6,5,5
4197,168877,6,5,6
4198,168877,6,5,6
4199,168877,6,5,5
4200,168877,6,5,5
4201,168877,6,5,5
4202,168877,6,5,6
4203,168877,6,5,6
4204,168877,6,5,5
4205,168877,6,5,6
4206,168877,6,5,6
4207,168877,5,5,6
4208,168877,6,5,5
4209,168877,5,5,5
4210,168877,6,5,5
4211,168877,6,5,6
4212,168877,6,5,6
4213,168877,6,5,6
4214,168877,6,5,6
4215,168877,6,5,6
4216,168877,6,5,6
4217,168877,6,5,6
4218,168877,6,5,6
4219,168877,6,5,5
4220,168877,5,5,6
4221,168877,5,5,5
4222,168877,6,5,5
4223,168877,6,5,6
4224,168877,6,5,6
4225,168877,6,5,5
4226,168877,6,5,6
4227,168877,6,5,6
4228,168877,6,5,6
4229,168877,6,5,6
4230,168877,6,5,6
4231,168877,5,5,6
4232,168877,5,5,6
4233,168877,6,5,5
4234,168877,6,5,6
4235,168877,6,5,6
4236,168877,6,5,6
4237,168877,6,5,6
4238,168877,6,5,6
4239,168877,6,5,6
4240,168877,6,5,5
4241,168877,6,5,5
4242,168877,6,5,6
4243,168877,6,5,6
4244,168877,6,5,6
4245,168877,6,5,6
4246,168877,6,5,5
4247,168877,6,5,6
4248,168877,5,5,6
4249,168877,6,5,6
4250,168877,6,5,5
4251,168877,6,5,6
4252,168877,6,5,6
4253,168877,5,5,6
4254,168877,6,5,6
4255,168877,6,5,6
4256,168877,6,5,6
4257,168877,6,5,6
4258,168877,6,5,5
4259,168877,6,5,6
4260,168877,6,5,6
4261,168877,6,5,6
4262,168877,6,5,6
4263,168877,6,5,6
4264,168877,6,5,6
4265,168877,6,5,6
4266,168877,6,5,6
4267,168877,6,5,6
4268,168877,6,5,6
4269,168877,6,5,6
4270,168877,6,5,6
4271,168877,6,5,6
4272,168877,5,5,6
4273,168877,6,5,6
4274,168877,6,5,6
4275,168877,6,5,6
4276,168877,5,5,6
4277,168877,6,5,6
4278,168877,6,5,6
4279,168877,6,5,5
4280,168877,6,5,6
4281,168877,6,5,6
4282,168877,6,5,6
4283,168877,6,5,6
4284,168877,6,5,6
4285,168877,5,5,6
4286,168877,6,5,6
4287,168877,6,5,6
4288,168877,6,5,6
4289,168877,6,5,6
4290,168877,6,5,6
4291,168877,6,5,6
4292,168877,6,5,6
4293,168877,5,5,6
4294,168877,6,5,6
4295,168877,6,5,6
4296,168877,5,5,6
4297,168877,6,5,5
4298,168877,6,5,6
4299,168877,6,5,6
4300,168877,5,5,6
4301,168877,6,5,6
4302,168877,6,5,6
4303,168877,6,5,5
4304,168877,6,5,5
4305,168877,6,5,5
4306,168877,6,5,6
4307,168877,5,5,6
4308,168877,6,5,5
4309,168877,6,5,6
4310,168877,6,5,6
4311,168877,5,5,6
4312,168877,6,5,6
4313,168877,6,5,6
4314,168877,6,5,6
4315,168877,6,5,5
4316,168877,6,5,6
4317,168877,6,5,6
4318,168877,6,5,6
4319,168877,6,5,6
4320,168877,6,5,6
4321,168877,6,5,6
4322,168877,6,5,6
4323,168877,6,5,6
4324,168877,5,5,6
4325,168877,6,5,6
4326,168877,6,5,6
4327,168877,6,5,6
4328,168877,6,5,5
4329,168877,6,5,6
4330,168877,6,5,6
4331,168877,6,5,6
4332,168877,6,5,6
4333,168877,6,5,6
4334,168877,6,5,6
4335,168877,5,5,6
4336,168877,6,5,6
4337,168877,6,5,5
4338,168877,6,5,5
4339,168877,6,5,6
4340,168877,5,5,6
4341,168877,6,5,6
4342,168877,6,5,6
4343,168877,6,5,5
4344,168877,6,5,6
4345,168877,6,5,5
4346,168877,6,5,6
4347,168877,6,5,6
4348,168877,6,5,6
4349,168877,6,5,5
4350,168877,6,5,6
4351,168877,6,5,6
4352,168877,6,5,6
4353,168877,6,5,6
4354,168877,6,5,5
4355,168877,5,5,6
4356,168877,6,5,6
4357,168877,5,5,6
4358,168877,6,5,5
4359,168877,6,5,6
4360,168877,6,5,6
4361,168877,5,5,6
4362,168877,6,5,5
4363,168877,6,5,6
4364,168877,6,5,5
4365,168877,6,5,6
4366,168877,6,5,6
4367,168877,6,5,6
4368,168877,6,5,5
4369,168877,6,5,6
4370,168877,6,5,6
4371,168877,6,5,6
4372,168877,6,5,5
4373,168877,6,5,5
4374,168877,6,5,6
4375,168877,5,5,6
4376,168877,6,5,6
4377,168877,5,5,6
4378,168877,6,6,6
4379,168877,6,5,6
4380,168877,6,5,6
4381,168877,6,5,6
4382,168877,6,5,6
4383,168877,6,5,6
4384,168877,6,5,6
4385,168877,6,5,6
4386,168877,6,5,6
4387,168877,6,5,6
4388,168877,6,5,6
4389,168877,6,5,6
4390,168877,6,5,6
4391,168877,6,5,6
4392,168877,6,5,6
4393,168877,6,5,5
4394,168877,6,5,6
4395,168877,6,5,6
4396,168877,6,5,6
4397,168877,6,5,6
4398,168877,6,5,6
4399,168877,6,5,6
4400,168877,6,5,6
4401,168877,5,5,6
4402,168877,6,5,6
4403,168877,6,5,6
4404,168877,6,5,6
4405,168877,6,5,6
4406,168877,6,5,5
4407,168877,6,5,6
4408,168877,5,5,6
4409,168877,6,5,6
4410,168877,6,5,5
4411,168877,6,5,5
4412,168877,6,5,6
4413,168877,5,5,6
4414,168877,6,5,6
4415,168877,6,5,6
4416,168877,6,5,6
4417,168877,6,5,6
4418,168877,6,5,6
4419,168877,6,5,6
4420,168877,6,5,6
4421,168877,6,5,6
4422,168877,6,5,5
4423,168877,6,5,6
4424,168877,6,5,6
4425,168877,5,5,6
4426,168877,5,5,6
4427,168877,6,5,6
4428,168877,6,5,6
4429,168877,6,5,6
4430,168877,6,5,6
4431,168877,6,5,6
4432,168877,6,6,6
4433,168877,6,5,6
4434,168877,6,5,6
4435,168877,6,5,6
4436,168877,6,5,6
4437,168877,6,5,6
4438,168877,6,5,6
4439,168877,6,5,6
4440,168877,6,5,6
4441,168877,6,5,6
4442,168877,6,5,6
4443,168877,6,5,5
4444,168877,6,5,6
4445,168877,6,5,6
4446,168877,6,5,6
4447,168877,6,5,6
4448,168877,6,5,6
4449,168877,6,5,6
4450,168877,6,5,6
4451,168877,5,5,6
4452,168877,5,5,6
4453,168877,6,5,6
4454,168877,6,5,6
4455,168877,6,5,6
4456,168877,6,5,6
4457,168877,6,5,6
4458,168877,6,5,6
4459,168877,6,5,6
4460,168877,6,5,6
4461,168877,6,5,6
4462,168877,6,5,6
4463,168877,6,5,6
4464,168877,6,5,6
4465,168877,6,5,6
4466,168877,6,5,6
4467,168877,6,5,6
4468,168877,6,5,6
4469,168877,6,5,6
4470,168877,6,5,6
4471,168877,6,5,6
4472,168877,6,5,6
4473,168877,6,5,6
4474,168877,6,5,6
4475,168877,6,5,6
4476,168877,6,5,6
4477,168877,6,5,6
4478,168877,6,5,6
4479,168877,6,5,6
4480,168877,6,5,6
4481,168877,6,5,6
4482,168877,6,5,6
4483,168877,6,5,6
4484,168877,6,5,6
4485,168877,6,5,6
4486,168877,6,5,6
4487,168877,6,5,6
4488,168877,6,5,6
4489,168877,6,5,6
4490,168877,6,5,6
4491,168877,6,5,6
4492,168877,6,5,6
4493,168877,6,5,5
4494,168877,6,5,6
4495,168877,6,5,6
4496,168877,6,5,6
4497,168877,6,5,6
4498,168877,6,5,6
4499,168877,6,5,6
4500,168877,6,5,6
4501,168877,6,5,6
4502,168877,6,5,6
4503,168877,6,5,5
4504,168877,6,5,6
4505,168877,6,5,6
4506,168877,6,5,6
4507,168877,6,5,6
4508,168877,6,5,6
4509,168877,6,5,6
4510,168877,6,5,6
4511,168877,5,5,6
4512,168877,6,5,6
4513,168877,6,5,5
4514,168877,6,5,6
4515,168877,6,5,6
4516,168877,6,5,6
4517,168877,6,5,5
4518,168877,6,5,6
4519,168877,6,5,6
4520,168877,6,5,6
4521,168877,6,5,6
4522,168877,5,5,6
4523,168877,6,5,5
4524,168877,6,5,5
4525,168877,6,5,6
4526,168877,6,5,6
4527,168877,6,5,6
4528,168877,5,5,6
4529,168877,5,5,5
4530,168877,6,5,6
4531,168877,6,5,5
4532,168877,6,5,5
4533,168877,6,5,6
4534,168877,6,5,6
4535,168877,5,5,6
4536,168877,6,5,5
4537,168877,6,5,5
4538,168877,6,5,5
4539,168877,6,5,6
4540,168877,6,5,6
4541,168877,6,5,6
4542,168877,6,5,6
4543,168877,6,5,5
4544,168877,6,5,6
4545,168877,6,5,6
4546,168877,6,5,5
4547,168877,6,5,6
4548,168877,6,5,6
4549,168877,6,5,6
4550,168877,6,5,6
4551,168877,5,5,6
4552,168877,6,5,6
4553,168877,6,5,6
4554,168877,6,5,5
4555,168877,6,5,5
4556,168877,5,5,6
4557,168877,6,5,6
4558,168877,5,5,6
4559,168877,6,5,6
4560,168877,6,5,6
4561,168877,6,5,6
4562,168877,6,5,6
4563,168877,6,5,6
4564,168877,6,5,5
4565,168877,6,5,5
4566,168877,6,5,5
4567,168877,6,5,6
4568,168877,6,5,6
4569,168877,5,5,6
4570,168877,6,5,5
4571,168877,6,5,6
4572,168877,6,5,6
4573,168877,5,5,6
4574,168877,6,5,5
4575,168877,6,5,6
4576,168877,6,5,6
4577,168877,6,5,6
4578,168877,6,5,6
4579,168877,6,5,6
4580,168877,6,5,6
4581,168877,6,5,6
4582,168877,6,5,6
4583,168877,5,5,6
4584,168877,5,5,6
4585,168877,6,5,6
4586,168877,6,5,5
4587,168877,6,5,6
4588,168877,6,5,6
4589,168877,6,5,6
4590,168877,6,5,6
4591,168877,6,5,6
4592,168877,5,5,6
4593,168877,6,5,6
4594,168877,6,5,5
4595,168877,6,5,6
4596,168877,6,5,6
4597,168877,5,5,6
4598,168877,5,5,6
4599,168877,6,5,6
4600,168877,6,5,5
4601,168877,6,5,6
4602,168877,6,5,6
4603,168877,5,5,6
4604,168877,6,5,6
4605,168877,6,5,5
4606,168877,6,5,6
4607,168877,6,5,5
4608,168877,6,5,6
4609,168877,6,5,6
4610,168877,6,5,6
4611,168877,6,5,6
4612,168877,6,5,6
4613,168877,6,5,6
4614,168877,6,5,5
4615,168877,6,5,6
4616,168877,6,5,6
4617,168877,5,5,6
4618,168877,5,5,6
4619,168877,5,5,6
4620,168877,6,5,5
4621,168877,6,5,6
4622,168877,6,5,6
4623,168877,5,5,6
4624,168877,6,5,5
4625,168877,6,5,5
4626,168877,6,5,6
4627,168877,5,5,6
4628,168877,5,5,6
4629,168877,6,5,5
4630,168877,6,5,6
4631,168877,6,5,6
4632,168877,6,5,6
4633,168877,6,5,5
4634,168877,6,5,6
4635,168877,5,5,5
4636,168877,5,5,5
4637,168877,6,5,6
4638,168877,6,5,5
4639,168877,6,5,5
4640,168877,6,5,6
4641,168877,5,5,6
4642,168877,6,5,5
4643,168877,6,5,6
4644,168877,5,5,6
4645,168877,6,5,6
4646,168877,5,5,6
4647,168877,6,5,6
4648,168877,6,5,5
4649,168877,6,5,6
4650,168877,6,5,5
4651,168877,6,5,6
4652,168877,5,5,5
4653,168877,6,5,6
4654,168877,6,5,5
4655,168877,5,5,6
4656,168877,6,5,5
4657,168877,6,5,5
4658,168877,6,5,6
4659,168877,6,5,6
4660,168877,5,5,6
4661,168877,6,5,6
4662,168877,6,5,6
4663,168877,6,5,6
4664,168877,6,5,6
4665,168877,6,5,5
4666,168877,6,5,6
4667,168877,6,5,6
4668,168877,6,5,6
4669,168877,6,5,6
4670,168877,6,5,6
4671,168877,6,5,6
4672,168877,6,5,6
4673,168877,6,5,5
4674,168877,6,5,6
4675,168877,6,5,6
4676,168877,5,5,6
4677,168877,6,5,6
4678,168877,6,5,6
4679,168877,5,5,5
4680,168877,6,5,6
4681,168877,5,5,5
4682,168877,6,5,6
4683,168877,6,5,5
4684,168877,6,5,6
4685,168877,6,5,6
4686,168877,6,5,6
4687,168877,6,5,6
4688,168877,6,5,5
4689,168877,6,5,6
4690,168877,6,5,6
4691,168877,6,5,5
4692,168877,6,5,6
4693,168877,6,5,6
4694,168877,5,5,5
4695,168877,6,5,5
4696,168877,6,5,6
4697,168877,6,5,6
4698,168877,5,5,6
4699,168877,6,5,6
4700,168877,6,5,6
4701,168877,5,5,6
4702,168877,6,5,6
4703,168877,6,5,6
4704,168877,6,5,6
4705,168877,5,5,6
4706,168877,5,5,5
4707,168877,6,5,5
4708,168877,6,5,6
4709,168877,6,5,5
4710,168877,6,5,5
4711,168877,6,5,5
4712,168877,6,5,6
4713,168877,6,5,6
4714,168877,5,5,6
4715,168877,6,5,5
4716,168877,6,5,6
4717,168877,6,5,6
4718,168877,6,5,6
4719,168877,5,5,6
4720,168877,6,5,6
4721,168877,5,5,5
4722,168877,6,5,6
4723,168877,5,5,6
4724,168877,5,5,6
4725,168877,5,5,6
4726,168877,6,5,5
4727,168877,6,5,6
4728,168877,6,5,6
4729,168877,5,5,6
4730,168877,6,5,5
4731,168877,6,5,5
4732,168877,6,5,6
4733,168877,6,5,6
4734,168877,6,5,6
4735,168877,6,5,6
4736,168877,5,5,6
4737,168877,5,5,6
4738,168877,5,5,5
4739,168877,6,5,6
4740,168877,6,5,6
4741,168877,6,5,6
4742,168877,5,5,6
4743,168877,6,5,5
4744,168877,6,5,6
4745,168877,5,5,6
4746,168877,6,5,6
4747,168877,5,5,6
4748,168877,6,5,6
4749,168877,5,5,6
4750,168877,6,5,6
4751,168877,6,5,5
4752,168877,6,5,5
4753,168877,6,5,5
4754,168877,6,5,6
4755,168877,5,5,6
4756,168877,5,5,5
4757,168877,6,5,5
4758,168877,6,5,6
4759,168877,5,5,5
4760,168877,6,5,6
4761,168877,6,5,5
4762,168877,6,5,6
4763,168877,5,5,6
4764,168877,6,5,5
4765,168877,5,5,6
4766,168877,6,5,5
4767,168877,6,5,6
4768,168877,5,5,6
4769,168877,5,5,6
4770,168877,6,5,6
4771,168877,6,5,6
4772,168877,6,5,6
4773,168877,6,5,6
4774,168877,6,5,6
4775,168877,6,5,6
4776,168877,6,5,6
4777,168877,6,5,6
4778,168877,6,5,5
4779,168877,6,5,5
4780,168877,6,5,5
4781,168877,6,5,6
4782,168877,6,5,6
4783,168877,6,5,5
4784,168877,6,5,5
4785,168877,6,5,6
4786,168877,5,5,6
4787,168877,6,5,6
4788,168877,5,5,6
4789,168877,6,5,5
4790,168877,6,5,5
4791,168877,6,5,6
4792,168877,6,5,6
4793,168877,6,5,5
4794,168877,6,5,6
4795,168877,6,5,6
4796,168877,6,5,6
4797,168877,5,5,6
4798,168877,5,5,6
4799,168877,6,5,6
4800,168877,6,5,6
4801,168877,6,5,6
4802,168877,5,5,5
4803,168877,6,5,6
4804,168877,6,5,5
4805,168877,6,5,5
4806,168877,6,5,6
4807,168877,6,5,6
4808,168877,6,5,6
4809,168877,6,5,6
4810,168877,6,5,5
4811,168877,6,5,6
4812,168877,6,5,6
4813,168877,6,5,5
4814,168877,6,5,6
4815,168877,6,5,6
4816,168877,5,5,5
4817,168877,6,5,5
4818,168877,6,5,6
4819,168877,6,5,6
4820,168877,5,5,5
4821,168877,5,5,5
4822,168877,6,5,5
4823,168877,6,5,5
4824,168877,6,5,6
4825,168877,5,5,6
4826,168877,5,5,5
4827,168877,6,5,6
4828,168877,5,5,6
4829,168877,6,5,5
4830,168877,6,5,6
4831,168877,6,5,6
4832,168877,5,5,6
4833,168877,6,5,5
4834,168877,5,5,6
4835,168877,6,5,6
4836,168877,6,5,6
4837,168877,6,5,6
4838,168877,6,5,5
4839,168877,6,5,5
4840,168877,5,5,6
4841,168877,6,5,6
4842,168877,6,5,5
4843,168877,6,5,6
4844,168877,5,5,6
4845,168877,6,5,5
4846,168877,6,5,6
4847,168877,6,5,5
4848,168877,6,5,6
4849,168877,5,5,6
4850,168877,5,5,6
4851,168877,5,5,6
4852,168877,6,5,6
4853,168877,6,5,5
4854,168877,6,5,6
4855,168877,5,5,6
4856,168877,6,5,6
4857,168877,6,5,6
4858,168877,6,5,6
4859,168877,6,5,6
4860,168877,6,5,5
4861,168877,6,5,5
4862,168877,6,5,6
4863,168877,6,5,6
4864,168877,5,5,6
4865,168877,5,5,6
4866,168877,6,5,5
4867,168877,6,5,6
4868,168877,6,5,6
4869,168877,6,5,6
4870,168877,5,5,6
4871,168877,5,5,6
4872,168877,6,5,5
4873,168877,6,5,6
4874,168877,6,5,6
4875,168877,5,5,5
4876,168877,6,5,5
4877,168877,6,5,5
4878,168877,6,5,6
4879,168877,6,5,6
4880,168877,6,5,5
4881,168877,6,5,5
4882,168877,6,5,5
4883,168877,6,5,5
4884,168877,5,5,6
4885,168877,5,5,6
4886,168877,6,5,5
4887,168877,6,5,6
4888,168877,5,5,6
4889,168877,6,5,6
4890,168877,6,5,5
4891,168877,6,5,6
4892,168877,6,5,6
4893,168877,6,5,5
4894,168877,6,5,6
4895,168877,5,5,6
4896,168877,6,5,6
4897,168877,6,5,6
4898,168877,6,5,6
4899,168877,6,6,6
4900,168877,6,5,6
4901,168877,5,5,6
4902,168877,6,5,5
4903,168877,6,5,5
4904,168877,6,5,6
4905,168877,6,5,6
4906,168877,6,5,6
4907,168877,6,5,6
4908,168877,6,5,6
4909,168877,6,5,5
4910,168877,6,5,6
4911,168877,5,5,6
4912,168877,6,5,5
4913,168877,6,5,5
4914,168877,6,5,6
4915,168877,6,5,6
4916,168877,6,5,6
4917,168877,5,5,6
4918,168877,6,5,5
4919,168877,6,5,5
4920,168877,6,5,6
4921,168877,6,5,6
4922,168877,6,5,6
4923,168877,6,5,6
4924,168877,6,5,6
4925,168877,6,5,6
4926,168877,6,5,6
4927,168877,6,5,5
4928,168877,6,5,5
4929,168877,6,5,6
4930,168877,6,5,6
4931,168877,6,5,6
4932,168877,6,5,6
4933,168877,6,5,6
4934,168877,6,5,6
4935,168877,5,5,6
4936,168877,5,5,5
4937,168877,6,5,5
4938,168877,6,5,6
4939,168877,5,5,6
4940,168877,6,5,6
4941,168877,6,5,6
4942,168877,6,5,6
4943,168877,6,5,5
4944,168877,5,5,6
4945,168877,5,5,6
4946,168877,6,5,5
4947,168877,5,5,6
4948,168877,5,5,6
4949,168877,6,5,6
4950,168877,6,5,6
4951,168877,6,5,5
4952,168877,6,5,6
4953,168877,5,5,5
4954,168877,6,5,5
4955,168877,6,5,5
4956,168877,6,5,6
4957,168877,6,5,6
4958,168877,5,5,6
4959,168877,6,5,6
4960,168877,6,5,5
4961,168877,6,5,6
4962,168877,6,5,6
4963,168877,6,5,6
4964,168877,6,5,6
4965,168877,5,5,6
4966,168877,5,5,6
4967,168877,6,5,5
4968,168877,6,5,6
4969,168877,6,5,6
4970,168877,6,5,6
4971,168877,6,5,6
4972,168877,6,5,6
4973,168877,5,5,6
4974,168877,6,5,5
4975,168877,6,5,6
4976,168877,6,5,6
4977,168877,6,5,6
4978,168877,5,5,6
4979,168877,6,5,6
4980,168877,6,5,5
4981,168877,6,5,6
4982,168877,6,5,6
4983,168877,6,5,6
4984,168877,6,5,6
4985,168877,5,5,6
4986,168877,5,5,6
4987,168877,6,5,5
4988,168877,6,5,5
4989,168877,6,5,6
4990,168877,6,5,6
4991,168877,5,5,6
4992,168877,6,5,6
4993,168877,6,5,5
4994,168877,6,5,6
4995,168877,6,5,5
4996,168877,6,5,6
4997,168877,6,5,6
4998,168877,5,5,5
4999,168877,6,5,5
5000,168877,6,5,6
